GEOIDFQ,GEOTYPE,GEONAME,YEAR,RACE,PROPORTION
0500000US39041,County,Delaware County,2010,White,0.8842654726754579
0500000US39041,County,Delaware County,2011,White,0.8808973030498222
0500000US39041,County,Delaware County,2012,White,0.8783119026981069
0500000US39041,County,Delaware County,2013,White,0.8743230121911749
0500000US39041,County,Delaware County,2014,White,0.8700960726351351
0500000US39041,County,Delaware County,2015,White,0.8652315774777524
0500000US39041,County,Delaware County,2016,White,0.858433429371424
0500000US39041,County,Delaware County,2017,White,0.851809628117688
0500000US39041,County,Delaware County,2018,White,0.8447128347904101
0500000US39041,County,Delaware County,2019,White,0.8379506351080663
0500000US39041,County,Delaware County,2020,White,0.8247413576746824
0500000US39041,County,Delaware County,2021,White,0.8183991251852655
0500000US39041,County,Delaware County,2022,White,0.8069407245559628
0500000US39041,County,Delaware County,2023,White,0.7962807005482702
0500000US39041,County,Delaware County,2024,White,0.7852760478387669
0500000US39045,County,Fairfield County,2010,White,0.892177820881455
0500000US39045,County,Fairfield County,2011,White,0.8890836696699145
0500000US39045,County,Fairfield County,2012,White,0.8859274546676533
0500000US39045,County,Fairfield County,2013,White,0.8808099680098928
0500000US39045,County,Fairfield County,2014,White,0.8765030593242884
0500000US39045,County,Fairfield County,2015,White,0.874198368307615
0500000US39045,County,Fairfield County,2016,White,0.8683085824241273
0500000US39045,County,Fairfield County,2017,White,0.8622241185369071
0500000US39045,County,Fairfield County,2018,White,0.8562654665281891
0500000US39045,County,Fairfield County,2019,White,0.8493469734854735
0500000US39045,County,Fairfield County,2020,White,0.8386532383484674
0500000US39045,County,Fairfield County,2021,White,0.8306552141151664
0500000US39045,County,Fairfield County,2022,White,0.8174864861552039
0500000US39045,County,Fairfield County,2023,White,0.8060677413512045
0500000US39045,County,Fairfield County,2024,White,0.7943336393223733
0500000US39047,County,Fayette County,2010,White,0.9385469083890535
0500000US39047,County,Fayette County,2011,White,0.9378529116291959
0500000US39047,County,Fayette County,2012,White,0.9378106858553203
0500000US39047,County,Fayette County,2013,White,0.9355434706825629
0500000US39047,County,Fayette County,2014,White,0.9325305410122164
0500000US39047,County,Fayette County,2015,White,0.9297472999895146
0500000US39047,County,Fayette County,2016,White,0.9275898151377747
0500000US39047,County,Fayette County,2017,White,0.9253814728167883
0500000US39047,County,Fayette County,2018,White,0.9230098070010121
0500000US39047,County,Fayette County,2019,White,0.9224890446976337
0500000US39047,County,Fayette County,2020,White,0.9186969425081096
0500000US39047,County,Fayette County,2021,White,0.915258337653361
0500000US39047,County,Fayette County,2022,White,0.9136747990019407
0500000US39047,County,Fayette County,2023,White,0.9132184107384412
0500000US39047,County,Fayette County,2024,White,0.9119588631783754
0500000US39049,County,Franklin County,2010,White,0.6737786421220338
0500000US39049,County,Franklin County,2011,White,0.6694554539295393
0500000US39049,County,Franklin County,2012,White,0.6649717066498755
0500000US39049,County,Franklin County,2013,White,0.6590963164484058
0500000US39049,County,Franklin County,2014,White,0.6526161170966164
0500000US39049,County,Franklin County,2015,White,0.645201234942969
0500000US39049,County,Franklin County,2016,White,0.6382784730668132
0500000US39049,County,Franklin County,2017,White,0.6316994851448464
0500000US39049,County,Franklin County,2018,White,0.6258822755712711
0500000US39049,County,Franklin County,2019,White,0.6213877134412146
0500000US39049,County,Franklin County,2020,White,0.6066273815500886
0500000US39049,County,Franklin County,2021,White,0.5993610756996297
0500000US39049,County,Franklin County,2022,White,0.5911634293323652
0500000US39049,County,Franklin County,2023,White,0.5823909573733124
0500000US39049,County,Franklin County,2024,White,0.5734544567106318
0500000US39073,County,Hocking County,2010,White,0.9704525408779429
0500000US39073,County,Hocking County,2011,White,0.9692526980248422
0500000US39073,County,Hocking County,2012,White,0.9680930930930931
0500000US39073,County,Hocking County,2013,White,0.9687292779115625
0500000US39073,County,Hocking County,2014,White,0.9675051316842361
0500000US39073,County,Hocking County,2015,White,0.9663508771929824
0500000US39073,County,Hocking County,2016,White,0.965026591061177
0500000US39073,County,Hocking County,2017,White,0.9634969756646504
0500000US39073,County,Hocking County,2018,White,0.9619494304757202
0500000US39073,County,Hocking County,2019,White,0.960515142938013
0500000US39073,County,Hocking County,2020,White,0.9625971618056051
0500000US39073,County,Hocking County,2021,White,0.9605464441993667
0500000US39073,County,Hocking County,2022,White,0.9597744495923571
0500000US39073,County,Hocking County,2023,White,0.9584285558820329
0500000US39073,County,Hocking County,2024,White,0.9561413102920266
0500000US39083,County,Knox County,2010,White,0.9608282861352103
0500000US39083,County,Knox County,2011,White,0.9586018961212734
0500000US39083,County,Knox County,2012,White,0.9580343624514516
0500000US39083,County,Knox County,2013,White,0.9570475533208452
0500000US39083,County,Knox County,2014,White,0.9565901639344262
0500000US39083,County,Knox County,2015,White,0.9559023622563565
0500000US39083,County,Knox County,2016,White,0.9553760528000788
0500000US39083,County,Knox County,2017,White,0.9545951592107196
0500000US39083,County,Knox County,2018,White,0.9533602584814217
0500000US39083,County,Knox County,2019,White,0.9526170533679921
0500000US39083,County,Knox County,2020,White,0.9494840107020003
0500000US39083,County,Knox County,2021,White,0.9482882681206927
0500000US39083,County,Knox County,2022,White,0.9463330484601019
0500000US39083,County,Knox County,2023,White,0.9440673149785299
0500000US39083,County,Knox County,2024,White,0.9420655306352588
0500000US39089,County,Licking County,2010,White,0.9245793467502474
0500000US39089,County,Licking County,2011,White,0.9225670598932785
0500000US39089,County,Licking County,2012,White,0.9202513291445142
0500000US39089,County,Licking County,2013,White,0.9181887795988389
0500000US39089,County,Licking County,2014,White,0.9163095448910926
0500000US39089,County,Licking County,2015,White,0.9136573843421585
0500000US39089,County,Licking County,2016,White,0.9094265464292152
0500000US39089,County,Licking County,2017,White,0.9041280519764769
0500000US39089,County,Licking County,2018,White,0.8979939202805324
0500000US39089,County,Licking County,2019,White,0.8905587407130984
0500000US39089,County,Licking County,2020,White,0.8818429942504307
0500000US39089,County,Licking County,2021,White,0.8733747660385113
0500000US39089,County,Licking County,2022,White,0.8644082705237522
0500000US39089,County,Licking County,2023,White,0.8552849515092078
0500000US39089,County,Licking County,2024,White,0.848467803870242
0500000US39091,County,Logan County,2010,White,0.9466366438580767
0500000US39091,County,Logan County,2011,White,0.9452907524713412
0500000US39091,County,Logan County,2012,White,0.9438669896498568
0500000US39091,County,Logan County,2013,White,0.9403872843830546
0500000US39091,County,Logan County,2014,White,0.9385569458799727
0500000US39091,County,Logan County,2015,White,0.9380773480662984
0500000US39091,County,Logan County,2016,White,0.936248005672753
0500000US39091,County,Logan County,2017,White,0.9356387450772158
0500000US39091,County,Logan County,2018,White,0.9349466160769434
0500000US39091,County,Logan County,2019,White,0.929760028025924
0500000US39091,County,Logan County,2020,White,0.9266166457041246
0500000US39091,County,Logan County,2021,White,0.9238084922010399
0500000US39091,County,Logan County,2022,White,0.922784535186794
0500000US39091,County,Logan County,2023,White,0.9206645672711478
0500000US39091,County,Logan County,2024,White,0.9161549311055658
0500000US39097,County,Madison County,2010,White,0.8991573421743335
0500000US39097,County,Madison County,2011,White,0.8989655332374634
0500000US39097,County,Madison County,2012,White,0.8976995185038729
0500000US39097,County,Madison County,2013,White,0.8955058257813945
0500000US39097,County,Madison County,2014,White,0.8899045020463847
0500000US39097,County,Madison County,2015,White,0.8874238202043544
0500000US39097,County,Madison County,2016,White,0.8896650298545312
0500000US39097,County,Madison County,2017,White,0.8828364478554075
0500000US39097,County,Madison County,2018,White,0.8838676248620153
0500000US39097,County,Madison County,2019,White,0.8808656189220004
0500000US39097,County,Madison County,2020,White,0.8732956359159104
0500000US39097,County,Madison County,2021,White,0.8679775912885009
0500000US39097,County,Madison County,2022,White,0.8725609336665673
0500000US39097,County,Madison County,2023,White,0.8650040297304558
0500000US39097,County,Madison County,2024,White,0.8615229184511651
0500000US39101,County,Marion County,2010,White,0.8987029402028349
0500000US39101,County,Marion County,2011,White,0.8961395816754005
0500000US39101,County,Marion County,2012,White,0.8942317847820511
0500000US39101,County,Marion County,2013,White,0.8931538414892972
0500000US39101,County,Marion County,2014,White,0.8897417579912146
0500000US39101,County,Marion County,2015,White,0.8869954608671731
0500000US39101,County,Marion County,2016,White,0.8843386744466678
0500000US39101,County,Marion County,2017,White,0.8838896059991395
0500000US39101,County,Marion County,2018,White,0.8818683418160698
0500000US39101,County,Marion County,2019,White,0.8813390072665264
0500000US39101,County,Marion County,2020,White,0.877595962685426
0500000US39101,County,Marion County,2021,White,0.8736415123220572
0500000US39101,County,Marion County,2022,White,0.87373017839445
0500000US39101,County,Marion County,2023,White,0.8699018942432283
0500000US39101,County,Marion County,2024,White,0.8670739965525732
0500000US39117,County,Morrow County,2010,White,0.9695314745616557
0500000US39117,County,Morrow County,2011,White,0.9669347888537777
0500000US39117,County,Morrow County,2012,White,0.9643164724120112
0500000US39117,County,Morrow County,2013,White,0.9631521551971531
0500000US39117,County,Morrow County,2014,White,0.9627615422045396
0500000US39117,County,Morrow County,2015,White,0.9609936181781759
0500000US39117,County,Morrow County,2016,White,0.9615428669606552
0500000US39117,County,Morrow County,2017,White,0.9606141330812638
0500000US39117,County,Morrow County,2018,White,0.9591034659527811
0500000US39117,County,Morrow County,2019,White,0.9570029438405797
0500000US39117,County,Morrow County,2020,White,0.955063888174256
0500000US39117,County,Morrow County,2021,White,0.953168044077135
0500000US39117,County,Morrow County,2022,White,0.9490896735283292
0500000US39117,County,Morrow County,2023,White,0.9470252648736757
0500000US39117,County,Morrow County,2024,White,0.9448325771703733
0500000US39127,County,Perry County,2010,White,0.9761633876293809
0500000US39127,County,Perry County,2011,White,0.9742768823139766
0500000US39127,County,Perry County,2012,White,0.9732381058248111
0500000US39127,County,Perry County,2013,White,0.9725277777777778
0500000US39127,County,Perry County,2014,White,0.9702165562545232
0500000US39127,County,Perry County,2015,White,0.9691105735813385
0500000US39127,County,Perry County,2016,White,0.9680260014445247
0500000US39127,County,Perry County,2017,White,0.9668909151562326
0500000US39127,County,Perry County,2018,White,0.9666194955464913
0500000US39127,County,Perry County,2019,White,0.9654618918470139
0500000US39127,County,Perry County,2020,White,0.9664645325059935
0500000US39127,County,Perry County,2021,White,0.9639494898246801
0500000US39127,County,Perry County,2022,White,0.9618126990389764
0500000US39127,County,Perry County,2023,White,0.9600865727857886
0500000US39127,County,Perry County,2024,White,0.9579900229807746
0500000US39129,County,Pickaway County,2010,White,0.9389307499102978
0500000US39129,County,Pickaway County,2011,White,0.9377457639236434
0500000US39129,County,Pickaway County,2012,White,0.9342959261696037
0500000US39129,County,Pickaway County,2013,White,0.9321266968325792
0500000US39129,County,Pickaway County,2014,White,0.9311159706546276
0500000US39129,County,Pickaway County,2015,White,0.9308989454105178
0500000US39129,County,Pickaway County,2016,White,0.9271179077243896
0500000US39129,County,Pickaway County,2017,White,0.9264980949082092
0500000US39129,County,Pickaway County,2018,White,0.9253749332782341
0500000US39129,County,Pickaway County,2019,White,0.9238756692953796
0500000US39129,County,Pickaway County,2020,White,0.9234965225692077
0500000US39129,County,Pickaway County,2021,White,0.9232745274833705
0500000US39129,County,Pickaway County,2022,White,0.9172654075049594
0500000US39129,County,Pickaway County,2023,White,0.9128782916284554
0500000US39129,County,Pickaway County,2024,White,0.9080247112197947
0500000US39141,County,Ross County,2010,White,0.90213577812492
0500000US39141,County,Ross County,2011,White,0.9016382877250874
0500000US39141,County,Ross County,2012,White,0.9020829831525323
0500000US39141,County,Ross County,2013,White,0.901051977795893
0500000US39141,County,Ross County,2014,White,0.9000324275244828
0500000US39141,County,Ross County,2015,White,0.8997391270490207
0500000US39141,County,Ross County,2016,White,0.8982406829065167
0500000US39141,County,Ross County,2017,White,0.895167863380555
0500000US39141,County,Ross County,2018,White,0.896623484730243
0500000US39141,County,Ross County,2019,White,0.8965643179505909
0500000US39141,County,Ross County,2020,White,0.8959879586858359
0500000US39141,County,Ross County,2021,White,0.8967932467396702
0500000US39141,County,Ross County,2022,White,0.8933824971560821
0500000US39141,County,Ross County,2023,White,0.891446161907257
0500000US39141,County,Ross County,2024,White,0.8912237330037083
0500000US39159,County,Union County,2010,White,0.9212984141506557
0500000US39159,County,Union County,2011,White,0.9193332705527828
0500000US39159,County,Union County,2012,White,0.9198802939616637
0500000US39159,County,Union County,2013,White,0.9166666666666666
0500000US39159,County,Union County,2014,White,0.9123351868037863
0500000US39159,County,Union County,2015,White,0.9079208648966683
0500000US39159,County,Union County,2016,White,0.904229862722873
0500000US39159,County,Union County,2017,White,0.9004894538540089
0500000US39159,County,Union County,2018,White,0.8938250666297463
0500000US39159,County,Union County,2019,White,0.8879772157048891
0500000US39159,County,Union County,2020,White,0.8771120621334602
0500000US39159,County,Union County,2021,White,0.8700072175555521
0500000US39159,County,Union County,2022,White,0.8610874534941055
0500000US39159,County,Union County,2023,White,0.845466924675697
0500000US39159,County,Union County,2024,White,0.833925907335369
M010000US001,Region,15-County Region,2010,White,0.7874672633460599
M010000US001,Region,15-County Region,2011,White,0.7836527457166802
M010000US001,Region,15-County Region,2012,White,0.7794656853120745
M010000US001,Region,15-County Region,2013,White,0.7743735694828937
M010000US001,Region,15-County Region,2014,White,0.7689788405558061
M010000US001,Region,15-County Region,2015,White,0.7631534419999045
M010000US001,Region,15-County Region,2016,White,0.7572326973820354
M010000US001,Region,15-County Region,2017,White,0.7512741201494877
M010000US001,Region,15-County Region,2018,White,0.7462711814606341
M010000US001,Region,15-County Region,2019,White,0.7417973971787287
M010000US001,Region,15-County Region,2020,White,0.730788712683679
M010000US001,Region,15-County Region,2021,White,0.7253863189229834
M010000US001,Region,15-County Region,2022,White,0.7177720217624762
M010000US001,Region,15-County Region,2023,White,0.7097364752990301
M010000US001,Region,15-County Region,2024,White,0.7015042030023384
0500000US39041,County,Delaware County,2010,Asian,0.04386090154712477
0500000US39041,County,Delaware County,2011,Asian,0.046024589016159294
0500000US39041,County,Delaware County,2012,Asian,0.04744737118154665
0500000US39041,County,Delaware County,2013,Asian,0.05042615168842378
0500000US39041,County,Delaware County,2014,Asian,0.05389041385135135
0500000US39041,County,Delaware County,2015,Asian,0.05794995630613627
0500000US39041,County,Delaware County,2016,Asian,0.06218297285233129
0500000US39041,County,Delaware County,2017,Asian,0.06639119828744959
0500000US39041,County,Delaware County,2018,Asian,0.07070519915549683
0500000US39041,County,Delaware County,2019,Asian,0.07571100073143797
0500000US39041,County,Delaware County,2020,Asian,0.08160362889357786
0500000US39041,County,Delaware County,2021,Asian,0.08430484763040885
0500000US39041,County,Delaware County,2022,Asian,0.09058711587256837
0500000US39041,County,Delaware County,2023,Asian,0.09751559733942904
0500000US39041,County,Delaware County,2024,Asian,0.10421656875351941
0500000US39045,County,Fairfield County,2010,Asian,0.011296502455315981
0500000US39045,County,Fairfield County,2011,Asian,0.011680052183130172
0500000US39045,County,Fairfield County,2012,Asian,0.011921168220175016
0500000US39045,County,Fairfield County,2013,Asian,0.012460012365923815
0500000US39045,County,Fairfield County,2014,Asian,0.012623038042032455
0500000US39045,County,Fairfield County,2015,Asian,0.013083951498803337
0500000US39045,County,Fairfield County,2016,Asian,0.01421568306618932
0500000US39045,County,Fairfield County,2017,Asian,0.01570924324114658
0500000US39045,County,Fairfield County,2018,Asian,0.017578951417471247
0500000US39045,County,Fairfield County,2019,Asian,0.01904502011753208
0500000US39045,County,Fairfield County,2020,Asian,0.021333968795464807
0500000US39045,County,Fairfield County,2021,Asian,0.023678253589258583
0500000US39045,County,Fairfield County,2022,Asian,0.02916048686613633
0500000US39045,County,Fairfield County,2023,Asian,0.03328503290466703
0500000US39045,County,Fairfield County,2024,Asian,0.03835791180362657
0500000US39047,County,Fayette County,2010,Asian,0.005445646929068726
0500000US39047,County,Fayette County,2011,Asian,0.005750510964076627
0500000US39047,County,Fayette County,2012,Asian,0.006118121458615775
0500000US39047,County,Fayette County,2013,Asian,0.006414278742243603
0500000US39047,County,Fayette County,2014,Asian,0.007260034904013961
0500000US39047,County,Fayette County,2015,Asian,0.007794205026038936
0500000US39047,County,Fayette County,2016,Asian,0.008126961981164981
0500000US39047,County,Fayette County,2017,Asian,0.008415098292538148
0500000US39047,County,Fayette County,2018,Asian,0.008829790946846753
0500000US39047,County,Fayette County,2019,Asian,0.009360210341805434
0500000US39047,County,Fayette County,2020,Asian,0.010525226033542688
0500000US39047,County,Fayette County,2021,Asian,0.010921029894591325
0500000US39047,County,Fayette County,2022,Asian,0.012267812586637094
0500000US39047,County,Fayette County,2023,Asian,0.012313135167007735
0500000US39047,County,Fayette County,2024,Asian,0.011812938642206935
0500000US39049,County,Franklin County,2010,Asian,0.03917503142680256
0500000US39049,County,Franklin County,2011,Asian,0.04054708672086721
0500000US39049,County,Franklin County,2012,Asian,0.04202344365724389
0500000US39049,County,Franklin County,2013,Asian,0.04421771498049846
0500000US39049,County,Franklin County,2014,Asian,0.04676984597395592
0500000US39049,County,Franklin County,2015,Asian,0.04968164111895631
0500000US39049,County,Franklin County,2016,Asian,0.052148770057671934
0500000US39049,County,Franklin County,2017,Asian,0.054431845373636635
0500000US39049,County,Franklin County,2018,Asian,0.055742227945596
0500000US39049,County,Franklin County,2019,Asian,0.05675463031875306
0500000US39049,County,Franklin County,2020,Asian,0.05799449605701753
0500000US39049,County,Franklin County,2021,Asian,0.05853517877739331
0500000US39049,County,Franklin County,2022,Asian,0.059699311660052407
0500000US39049,County,Franklin County,2023,Asian,0.06032401152286611
0500000US39049,County,Franklin County,2024,Asian,0.062064302740611796
0500000US39073,County,Hocking County,2010,Asian,0.0017640274102720672
0500000US39073,County,Hocking County,2011,Asian,0.00190049548632322
0500000US39073,County,Hocking County,2012,Asian,0.0020475020475020475
0500000US39073,County,Hocking County,2013,Asian,0.0021638222873695597
0500000US39073,County,Hocking County,2014,Asian,0.002296211251435132
0500000US39073,County,Hocking County,2015,Asian,0.00256140350877193
0500000US39073,County,Hocking County,2016,Asian,0.0031345754235198816
0500000US39073,County,Hocking County,2017,Asian,0.003516669011112674
0500000US39073,County,Hocking County,2018,Asian,0.00370278943470748
0500000US39073,County,Hocking County,2019,Asian,0.003891876592131333
0500000US39073,County,Hocking County,2020,Asian,0.004670897810739499
0500000US39073,County,Hocking County,2021,Asian,0.004731580632537621
0500000US39073,County,Hocking County,2022,Asian,0.004561290090866645
0500000US39073,County,Hocking County,2023,Asian,0.004715783364167302
0500000US39073,County,Hocking County,2024,Asian,0.004812424805862408
0500000US39083,County,Knox County,2010,Asian,0.006023899165166148
0500000US39083,County,Knox County,2011,Asian,0.006478142388590637
0500000US39083,County,Knox County,2012,Asian,0.0063689026397208874
0500000US39083,County,Knox County,2013,Asian,0.006589109073581123
0500000US39083,County,Knox County,2014,Asian,0.006131147540983607
0500000US39083,County,Knox County,2015,Asian,0.006032687988721496
0500000US39083,County,Knox County,2016,Asian,0.005746277233249602
0500000US39083,County,Knox County,2017,Asian,0.006087708703954563
0500000US39083,County,Knox County,2018,Asian,0.006009693053311793
0500000US39083,County,Knox County,2019,Asian,0.005744359937100863
0500000US39083,County,Knox County,2020,Asian,0.006003949547713085
0500000US39083,County,Knox County,2021,Asian,0.005884328179216169
0500000US39083,County,Knox County,2022,Asian,0.005887380115848447
0500000US39083,County,Knox County,2023,Asian,0.007025132609244759
0500000US39083,County,Knox County,2024,Asian,0.008347951384538279
0500000US39089,County,Licking County,2010,Asian,0.00757625746078402
0500000US39089,County,Licking County,2011,Asian,0.007507597329568567
0500000US39089,County,Licking County,2012,Asian,0.007995751511137366
0500000US39089,County,Licking County,2013,Asian,0.008423314595069483
0500000US39089,County,Licking County,2014,Asian,0.008871967416327254
0500000US39089,County,Licking County,2015,Asian,0.009694568345534579
0500000US39089,County,Licking County,2016,Asian,0.01145976871151733
0500000US39089,County,Licking County,2017,Asian,0.013990565440020275
0500000US39089,County,Licking County,2018,Asian,0.01828469937267314
0500000US39089,County,Licking County,2019,Asian,0.022565616130090126
0500000US39089,County,Licking County,2020,Asian,0.027338419204009038
0500000US39089,County,Licking County,2021,Asian,0.032585211967720254
0500000US39089,County,Licking County,2022,Asian,0.03902715243074453
0500000US39089,County,Licking County,2023,Asian,0.044753187316116376
0500000US39089,County,Licking County,2024,Asian,0.04836720786595853
0500000US39091,County,Logan County,2010,Asian,0.005246704413790088
0500000US39091,County,Logan County,2011,Asian,0.005874230103237402
0500000US39091,County,Logan County,2012,Asian,0.005989870072671218
0500000US39091,County,Logan County,2013,Asian,0.006653008173066331
0500000US39091,County,Logan County,2014,Asian,0.007213071492973852
0500000US39091,County,Logan County,2015,Asian,0.006850828729281768
0500000US39091,County,Logan County,2016,Asian,0.006957986172664421
0500000US39091,County,Logan County,2017,Asian,0.007367582636399841
0500000US39091,County,Logan County,2018,Asian,0.007389923233036266
0500000US39091,County,Logan County,2019,Asian,0.007115957260465931
0500000US39091,County,Logan County,2020,Asian,0.008587413800581168
0500000US39091,County,Logan County,2021,Asian,0.008838821490467937
0500000US39091,County,Logan County,2022,Asian,0.009100781928757603
0500000US39091,County,Logan County,2023,Asian,0.009707894451080465
0500000US39091,County,Logan County,2024,Asian,0.010415536508625365
0500000US39097,County,Madison County,2010,Asian,0.005709812589215822
0500000US39097,County,Madison County,2011,Asian,0.00663357610057058
0500000US39097,County,Madison County,2012,Asian,0.00744341838989556
0500000US39097,County,Madison County,2013,Asian,0.008322544849269465
0500000US39097,County,Madison County,2014,Asian,0.009959072305593451
0500000US39097,County,Madison County,2015,Asian,0.011373162056231451
0500000US39097,County,Madison County,2016,Asian,0.012933121239366484
0500000US39097,County,Madison County,2017,Asian,0.013532844394995571
0500000US39097,County,Madison County,2018,Asian,0.014125121088557976
0500000US39097,County,Madison County,2019,Asian,0.013994768728622209
0500000US39097,County,Madison County,2020,Asian,0.014478544393269187
0500000US39097,County,Madison County,2021,Asian,0.014939140999392534
0500000US39097,County,Madison County,2022,Asian,0.015087244628895054
0500000US39097,County,Madison County,2023,Asian,0.015805498343333033
0500000US39097,County,Madison County,2024,Asian,0.017043333113702753
0500000US39101,County,Marion County,2010,Asian,0.004980589244334768
0500000US39101,County,Marion County,2011,Asian,0.005360440847460172
0500000US39101,County,Marion County,2012,Asian,0.005280866665660787
0500000US39101,County,Marion County,2013,Asian,0.0056849190467527745
0500000US39101,County,Marion County,2014,Asian,0.005395874815704276
0500000US39101,County,Marion County,2015,Asian,0.0055478290107135765
0500000US39101,County,Marion County,2016,Asian,0.005697526998335039
0500000US39101,County,Marion County,2017,Asian,0.005747126436781609
0500000US39101,County,Marion County,2018,Asian,0.005792715545569872
0500000US39101,County,Marion County,2019,Asian,0.005760988124683146
0500000US39101,County,Marion County,2020,Asian,0.005520721822908701
0500000US39101,County,Marion County,2021,Asian,0.005709474973212919
0500000US39101,County,Marion County,2022,Asian,0.005729682854311199
0500000US39101,County,Marion County,2023,Asian,0.005630283210958228
0500000US39101,County,Marion County,2024,Asian,0.00540199458261512
0500000US39117,County,Morrow County,2010,Asian,0.0025869502730669733
0500000US39117,County,Morrow County,2011,Asian,0.0026141913243320886
0500000US39117,County,Morrow County,2012,Asian,0.0030142963771028304
0500000US39117,County,Morrow County,2013,Asian,0.0035298169086839235
0500000US39117,County,Morrow County,2014,Asian,0.0037209834845579187
0500000US39117,County,Morrow County,2015,Asian,0.0035200183155424548
0500000US39117,County,Morrow County,2016,Asian,0.0031785121127083215
0500000US39117,County,Morrow County,2017,Asian,0.003437312021998797
0500000US39117,County,Morrow County,2018,Asian,0.003559935066784382
0500000US39117,County,Morrow County,2019,Asian,0.003708106884057971
0500000US39117,County,Morrow County,2020,Asian,0.004344967555669897
0500000US39117,County,Morrow County,2021,Asian,0.00431683280792934
0500000US39117,County,Morrow County,2022,Asian,0.0046719710054647905
0500000US39117,County,Morrow County,2023,Asian,0.004608942472529016
0500000US39117,County,Morrow County,2024,Asian,0.004759651515573246
0500000US39127,County,Perry County,2010,Asian,0.0010267225351721842
0500000US39127,County,Perry County,2011,Asian,0.0010763965555310223
0500000US39127,County,Perry County,2012,Asian,0.0013895064473099154
0500000US39127,County,Perry County,2013,Asian,0.001388888888888889
0500000US39127,County,Perry County,2014,Asian,0.0014195847018872126
0500000US39127,County,Perry County,2015,Asian,0.001584786053882726
0500000US39127,County,Perry County,2016,Asian,0.001638979943330185
0500000US39127,County,Perry County,2017,Asian,0.001584565773379295
0500000US39127,County,Perry County,2018,Asian,0.0016093676295124725
0500000US39127,County,Perry County,2019,Asian,0.0018818840980793711
0500000US39127,County,Perry County,2020,Asian,0.0019743336623889436
0500000US39127,County,Perry County,2021,Asian,0.002142172614014319
0500000US39127,County,Perry County,2022,Asian,0.00225460079474678
0500000US39127,County,Perry County,2023,Asian,0.0023610759760519435
0500000US39127,County,Perry County,2024,Asian,0.0023261027969284235
0500000US39129,County,Pickaway County,2010,Asian,0.003785432364549695
0500000US39129,County,Pickaway County,2011,Asian,0.003914349038392793
0500000US39129,County,Pickaway County,2012,Asian,0.00401870654551274
0500000US39129,County,Pickaway County,2013,Asian,0.00395705793629669
0500000US39129,County,Pickaway County,2014,Asian,0.004020880361173815
0500000US39129,County,Pickaway County,2015,Asian,0.004334169752057414
0500000US39129,County,Pickaway County,2016,Asian,0.004448692327743505
0500000US39129,County,Pickaway County,2017,Asian,0.004745410460685833
0500000US39129,County,Pickaway County,2018,Asian,0.0049761523494670865
0500000US39129,County,Pickaway County,2019,Asian,0.0052175103067211796
0500000US39129,County,Pickaway County,2020,Asian,0.005403654711577799
0500000US39129,County,Pickaway County,2021,Asian,0.005511985165274493
0500000US39129,County,Pickaway County,2022,Asian,0.006134662510210546
0500000US39129,County,Pickaway County,2023,Asian,0.006173850386479759
0500000US39129,County,Pickaway County,2024,Asian,0.0063869493870459156
0500000US39141,County,Ross County,2010,Asian,0.003982176240108582
0500000US39141,County,Ross County,2011,Asian,0.004202059782678748
0500000US39141,County,Ross County,2012,Asian,0.004215099365149144
0500000US39141,County,Ross County,2013,Asian,0.00469702263110904
0500000US39141,County,Ross County,2014,Asian,0.004799273623451586
0500000US39141,County,Ross County,2015,Asian,0.005087671481784319
0500000US39141,County,Ross County,2016,Asian,0.0051400166562565065
0500000US39141,County,Ross County,2017,Asian,0.005162041529206287
0500000US39141,County,Ross County,2018,Asian,0.005592841163310962
0500000US39141,County,Ross County,2019,Asian,0.005491352098713902
0500000US39141,County,Ross County,2020,Asian,0.004917734987283957
0500000US39141,County,Ross County,2021,Asian,0.0049394976870606065
0500000US39141,County,Ross County,2022,Asian,0.005060212607382418
0500000US39141,County,Ross County,2023,Asian,0.005383809274299188
0500000US39141,County,Ross County,2024,Asian,0.005509823001867291
0500000US39159,County,Union County,2010,Asian,0.028038273863982922
0500000US39159,County,Union County,2011,Asian,0.028533760241077313
0500000US39159,County,Union County,2012,Asian,0.02879005985301917
0500000US39159,County,Union County,2013,Asian,0.030054644808743168
0500000US39159,County,Union County,2014,Asian,0.03351124170122552
0500000US39159,County,Union County,2015,Asian,0.03680959035081268
0500000US39159,County,Union County,2016,Asian,0.039132077508501104
0500000US39159,County,Union County,2017,Asian,0.04130427127715765
0500000US39159,County,Union County,2018,Asian,0.045204388910041186
0500000US39159,County,Union County,2019,Asian,0.048535295314301216
0500000US39159,County,Union County,2020,Asian,0.05355840862260263
0500000US39159,County,Union County,2021,Asian,0.055851594772647
0500000US39159,County,Union County,2022,Asian,0.06034933584353101
0500000US39159,County,Union County,2023,Asian,0.06781337346807138
0500000US39159,County,Union County,2024,Asian,0.07375803460632172
M010000US001,Region,15-County Region,2010,Asian,0.02734628120299858
M010000US001,Region,15-County Region,2011,Asian,0.02845907452824673
M010000US001,Region,15-County Region,2012,Asian,0.02959429266405693
M010000US001,Region,15-County Region,2013,Asian,0.031331404887123736
M010000US001,Region,15-County Region,2014,Asian,0.03328502169637013
M010000US001,Region,15-County Region,2015,Asian,0.03556277685462773
M010000US001,Region,15-County Region,2016,Asian,0.037686103552528875
M010000US001,Region,15-County Region,2017,Asian,0.039797717007194734
M010000US001,Region,15-County Region,2018,Asian,0.041527205873093824
M010000US001,Region,15-County Region,2019,Asian,0.043077645988480136
M010000US001,Region,15-County Region,2020,Asian,0.04506505006470949
M010000US001,Region,15-County Region,2021,Asian,0.046274218967275425
M010000US001,Region,15-County Region,2022,Asian,0.048618767378507205
M010000US001,Region,15-County Region,2023,Asian,0.05068062497145792
M010000US001,Region,15-County Region,2024,Asian,0.0532223284050147
0500000US39041,County,Delaware County,2010,Black or African American,0.03341538215523789
0500000US39041,County,Delaware County,2011,Black or African American,0.03351163637382026
0500000US39041,County,Delaware County,2012,Black or African American,0.0331977010605818
0500000US39041,County,Delaware County,2013,Black or African American,0.03302945301542777
0500000US39041,County,Delaware County,2014,Black or African American,0.03281777871621622
0500000US39041,County,Delaware County,2015,Black or African American,0.03302635593176518
0500000US39041,County,Delaware County,2016,Black or African American,0.03397009292699753
0500000US39041,County,Delaware County,2017,Black or African American,0.035306417085677305
0500000US39041,County,Delaware County,2018,Black or African American,0.03640822854245189
0500000US39041,County,Delaware County,2019,Black or African American,0.037556710345783714
0500000US39041,County,Delaware County,2020,Black or African American,0.03946793578791794
0500000US39041,County,Delaware County,2021,Black or African American,0.041757040089650435
0500000US39041,County,Delaware County,2022,Black or African American,0.0447473216802932
0500000US39041,County,Delaware County,2023,Black or African American,0.046727566471306055
0500000US39041,County,Delaware County,2024,Black or African American,0.04925913786003042
0500000US39045,County,Fairfield County,2010,Black or African American,0.05991107589965646
0500000US39045,County,Fairfield County,2011,Black or African American,0.06172965333550763
0500000US39045,County,Fairfield County,2012,Black or African American,0.0638284872472013
0500000US39045,County,Fairfield County,2013,Black or African American,0.06756230006182962
0500000US39045,County,Fairfield County,2014,Black or African American,0.07028465017291832
0500000US39045,County,Fairfield County,2015,Black or African American,0.07145596149523319
0500000US39045,County,Fairfield County,2016,Black or African American,0.07488104510141437
0500000US39045,County,Fairfield County,2017,Black or African American,0.07859793387895479
0500000US39045,County,Fairfield County,2018,Black or African American,0.08079778435973381
0500000US39045,County,Fairfield County,2019,Black or African American,0.08481729219287445
0500000US39045,County,Fairfield County,2020,Black or African American,0.09036522349872071
0500000US39045,County,Fairfield County,2021,Black or African American,0.09484945269620763
0500000US39045,County,Fairfield County,2022,Black or African American,0.10035178897564444
0500000US39045,County,Fairfield County,2023,Black or African American,0.10549417376079212
0500000US39045,County,Fairfield County,2024,Black or African American,0.1099831904722166
0500000US39047,County,Fayette County,2010,Black or African American,0.019955883366650582
0500000US39047,County,Fayette County,2011,Black or African American,0.020092146741954482
0500000US39047,County,Fayette County,2012,Black or African American,0.02023151527792262
0500000US39047,County,Fayette County,2013,Black or African American,0.02102070696507007
0500000US39047,County,Fayette County,2014,Black or African American,0.021082024432809772
0500000US39047,County,Fayette County,2015,Black or African American,0.02093600363496557
0500000US39047,County,Fayette County,2016,Black or African American,0.021381234740146495
0500000US39047,County,Fayette County,2017,Black or African American,0.021788470267816613
0500000US39047,County,Fayette County,2018,Black or African American,0.02149862143580079
0500000US39047,County,Fayette County,2019,Black or African American,0.021454864154250658
0500000US39047,County,Fayette County,2020,Black or African American,0.023017461522534335
0500000US39047,County,Fayette County,2021,Black or African American,0.023500950406082598
0500000US39047,County,Fayette County,2022,Black or African American,0.02276822844469088
0500000US39047,County,Fayette County,2023,Black or African American,0.023030765495473622
0500000US39047,County,Fayette County,2024,Black or African American,0.023556389410047947
0500000US39049,County,Franklin County,2010,Black or African American,0.21143421122584252
0500000US39049,County,Franklin County,2011,Black or African American,0.21324271680216803
0500000US39049,County,Franklin County,2012,Black or African American,0.21515289251028943
0500000US39049,County,Franklin County,2013,Black or African American,0.21717349890637128
0500000US39049,County,Franklin County,2014,Black or African American,0.21975884272934731
0500000US39049,County,Franklin County,2015,Black or African American,0.22244243215687148
0500000US39049,County,Franklin County,2016,Black or African American,0.2249166307034407
0500000US39049,County,Franklin County,2017,Black or African American,0.22715610068621625
0500000US39049,County,Franklin County,2018,Black or African American,0.2298887051903421
0500000US39049,County,Franklin County,2019,Black or African American,0.23161238680514842
0500000US39049,County,Franklin County,2020,Black or African American,0.2329051230459681
0500000US39049,County,Franklin County,2021,Black or African American,0.23703939780246464
0500000US39049,County,Franklin County,2022,Black or African American,0.24120293412528707
0500000US39049,County,Franklin County,2023,Black or African American,0.24426190694919647
0500000US39049,County,Franklin County,2024,Black or African American,0.24663884102593595
0500000US39073,County,Hocking County,2010,Black or African American,0.007836352534093222
0500000US39073,County,Hocking County,2011,Black or African American,0.007975293558677798
0500000US39073,County,Hocking County,2012,Black or African American,0.008326508326508327
0500000US39073,County,Hocking County,2013,Black or African American,0.0057934596726346285
0500000US39073,County,Hocking County,2014,Black or African American,0.005984065685558223
0500000US39073,County,Hocking County,2015,Black or African American,0.006245614035087719
0500000US39073,County,Hocking County,2016,Black or African American,0.006515690487091889
0500000US39073,County,Hocking County,2017,Black or African American,0.006541004360669574
0500000US39073,County,Hocking County,2018,Black or African American,0.006700285643756391
0500000US39073,County,Hocking County,2019,Black or African American,0.006934616473252194
0500000US39073,County,Hocking County,2020,Black or African American,0.006703273194038365
0500000US39073,County,Hocking County,2021,Black or African American,0.007470916788217297
0500000US39073,County,Hocking County,2022,Black or African American,0.007614122041446683
0500000US39073,County,Hocking County,2023,Black or African American,0.007980556462436972
0500000US39073,County,Hocking County,2024,Black or African American,0.008968609865470852
0500000US39083,County,Knox County,2010,Black or African American,0.008037321983958094
0500000US39083,County,Knox County,2011,Black or African American,0.008468906548308666
0500000US39083,County,Knox County,2012,Black or African American,0.008360213284181423
0500000US39083,County,Knox County,2013,Black or African American,0.008593775674521017
0500000US39083,County,Knox County,2014,Black or African American,0.008819672131147541
0500000US39083,County,Knox County,2015,Black or African American,0.009114604678611827
0500000US39083,County,Knox County,2016,Black or African American,0.009571656077098622
0500000US39083,County,Knox County,2017,Black or African American,0.009351895676584355
0500000US39083,County,Knox County,2018,Black or African American,0.009789983844911147
0500000US39083,County,Knox County,2019,Black or African American,0.009964378550110715
0500000US39083,County,Knox County,2020,Black or African American,0.009412027009810166
0500000US39083,County,Knox County,2021,Black or African American,0.009162282735573003
0500000US39083,County,Knox County,2022,Black or African American,0.009733168739910739
0500000US39083,County,Knox County,2023,Black or African American,0.010214069209396312
0500000US39083,County,Knox County,2024,Black or African American,0.010509334669840872
0500000US39089,County,Licking County,2010,Black or African American,0.03434809993701449
0500000US39089,County,Licking County,2011,Black or African American,0.03492976956761025
0500000US39089,County,Licking County,2012,Black or African American,0.035622863075738864
0500000US39089,County,Licking County,2013,Black or African American,0.03599646208914823
0500000US39089,County,Licking County,2014,Black or African American,0.036243433091316925
0500000US39089,County,Licking County,2015,Black or African American,0.03685577131603472
0500000US39089,County,Licking County,2016,Black or African American,0.03773409382940003
0500000US39089,County,Licking County,2017,Black or African American,0.03889596064901479
0500000US39089,County,Licking County,2018,Black or African American,0.039313242175492126
0500000US39089,County,Licking County,2019,Black or African American,0.040568352726984884
0500000US39089,County,Licking County,2020,Black or African American,0.04189131747913823
0500000US39089,County,Licking County,2021,Black or African American,0.04323219532243642
0500000US39089,County,Licking County,2022,Black or African American,0.04483806947811698
0500000US39089,County,Licking County,2023,Black or African American,0.04695979078130108
0500000US39089,County,Licking County,2024,Black or African American,0.04865385239429307
0500000US39091,County,Logan County,2010,Black or African American,0.01611175480401373
0500000US39091,County,Logan County,2011,Black or African American,0.015474650943603008
0500000US39091,County,Logan County,2012,Black or African American,0.016185862144902002
0500000US39091,County,Logan County,2013,Black or African American,0.01713920648558148
0500000US39091,County,Logan County,2014,Black or African American,0.017482901941811624
0500000US39091,County,Logan County,2015,Black or African American,0.017370165745856352
0500000US39091,County,Logan County,2016,Black or African American,0.01721769189859954
0500000US39091,County,Logan County,2017,Black or African American,0.017567148988893312
0500000US39091,County,Logan County,2018,Black or African American,0.017426983146563133
0500000US39091,County,Logan County,2019,Black or African American,0.017559992993519007
0500000US39091,County,Logan County,2020,Black or African American,0.01806392852495988
0500000US39091,County,Logan County,2021,Black or African American,0.018739168110918546
0500000US39091,County,Logan County,2022,Black or African American,0.01904865334491746
0500000US39091,County,Logan County,2023,Black or African American,0.019437506786838962
0500000US39091,County,Logan County,2024,Black or African American,0.02037539329499837
0500000US39097,County,Madison County,2010,Black or African American,0.06522539945664686
0500000US39097,County,Madison County,2011,Black or African American,0.06329730481978012
0500000US39097,County,Madison County,2012,Black or African American,0.06364122723360703
0500000US39097,County,Madison County,2013,Black or African American,0.06228037728869983
0500000US39097,County,Madison County,2014,Black or African American,0.06462028194633924
0500000US39097,County,Madison County,2015,Black or African American,0.06520310836221935
0500000US39097,County,Madison County,2016,Black or African American,0.060054867787076104
0500000US39097,County,Madison County,2017,Black or African American,0.06432642310574238
0500000US39097,County,Madison County,2018,Black or African American,0.062335263240893016
0500000US39097,County,Madison County,2019,Black or African American,0.0633788647693993
0500000US39097,County,Madison County,2020,Black or African American,0.06489123991062064
0500000US39097,County,Madison County,2021,Black or African American,0.06835106981348572
0500000US39097,County,Madison County,2022,Black or African American,0.059661110219429984
0500000US39097,County,Madison County,2023,Black or African American,0.06344586728754366
0500000US39097,County,Madison County,2024,Black or African American,0.06338538578111616
0500000US39101,County,Marion County,2010,Black or African American,0.05677269854645039
0500000US39101,County,Marion County,2011,Black or African American,0.05869457499361852
0500000US39101,County,Marion County,2012,Black or African American,0.06044329103610604
0500000US39101,County,Marion County,2013,Black or African American,0.06056333757807289
0500000US39101,County,Marion County,2014,Black or African American,0.06180176619902418
0500000US39101,County,Marion County,2015,Black or African American,0.06253916339349849
0500000US39101,County,Marion County,2016,Black or African American,0.06389478668642216
0500000US39101,County,Marion County,2017,Black or African American,0.0634949904726781
0500000US39101,County,Marion County,2018,Black or African American,0.06304736576642671
0500000US39101,County,Marion County,2019,Black or African American,0.06257201235155854
0500000US39101,County,Marion County,2020,Black or African American,0.06383239027374216
0500000US39101,County,Marion County,2021,Black or African American,0.06580437777437624
0500000US39101,County,Marion County,2022,Black or African American,0.06321233894945491
0500000US39101,County,Marion County,2023,Black or African American,0.06509532917874992
0500000US39101,County,Marion County,2024,Black or African American,0.06557805959123368
0500000US39117,County,Morrow County,2010,Black or African American,0.0035929864903707963
0500000US39117,County,Morrow County,2011,Black or African American,0.0043378339557598395
0500000US39117,County,Morrow County,2012,Black or African American,0.0046793362806453465
0500000US39117,County,Morrow County,2013,Black or African American,0.0050794926246915
0500000US39117,County,Morrow County,2014,Black or African American,0.005266622778143515
0500000US39117,County,Morrow County,2015,Black or African American,0.005866697192570758
0500000US39117,County,Morrow County,2016,Black or African American,0.005583872630433538
0500000US39117,County,Morrow County,2017,Black or African American,0.006387671507547764
0500000US39117,County,Morrow County,2018,Black or African American,0.006578760003417537
0500000US39117,County,Morrow County,2019,Black or African American,0.006963315217391304
0500000US39117,County,Morrow County,2020,Black or African American,0.007346425406626076
0500000US39117,County,Morrow County,2021,Black or African American,0.007497656982193065
0500000US39117,County,Morrow County,2022,Black or African American,0.008777642495115666
0500000US39117,County,Morrow County,2023,Black or African American,0.008852541944186831
0500000US39117,County,Morrow County,2024,Black or African American,0.008962618643360147
0500000US39127,County,Perry County,2010,Black or African American,0.0026916779976135638
0500000US39127,County,Perry County,2011,Black or African American,0.0032291896665930667
0500000US39127,County,Perry County,2012,Black or African American,0.0036960871498443754
0500000US39127,County,Perry County,2013,Black or African American,0.0036666666666666666
0500000US39127,County,Perry County,2014,Black or African American,0.003980404164115126
0500000US39127,County,Perry County,2015,Black or African American,0.004059276559068035
0500000US39127,County,Perry County,2016,Black or African American,0.004000222234568587
0500000US39127,County,Perry County,2017,Black or African American,0.004503502724341154
0500000US39127,County,Perry County,2018,Black or African American,0.005105580066039568
0500000US39127,County,Perry County,2019,Black or African American,0.005064482205125367
0500000US39127,County,Perry County,2020,Black or African American,0.005302496121844592
0500000US39127,County,Perry County,2021,Black or African American,0.0056091098709059135
0500000US39127,County,Perry County,2022,Black or African American,0.006425612265028324
0500000US39127,County,Perry County,2023,Black or African American,0.006774039407482362
0500000US39127,County,Perry County,2024,Black or African American,0.007987220447284345
0500000US39129,County,Pickaway County,2010,Black or African American,0.03336921420882669
0500000US39129,County,Pickaway County,2011,Black or African American,0.033334524915993424
0500000US39129,County,Pickaway County,2012,Black or African American,0.035350392090616495
0500000US39129,County,Pickaway County,2013,Black or African American,0.03575547866205306
0500000US39129,County,Pickaway County,2014,Black or African American,0.03579994356659142
0500000US39129,County,Pickaway County,2015,Black or African American,0.03477864149221779
0500000US39129,County,Pickaway County,2016,Black or African American,0.03800503953427752
0500000US39129,County,Pickaway County,2017,Black or African American,0.03765154139244891
0500000US39129,County,Pickaway County,2018,Black or African American,0.03808736677169964
0500000US39129,County,Pickaway County,2019,Black or African American,0.03830165762868433
0500000US39129,County,Pickaway County,2020,Black or African American,0.0360527751261421
0500000US39129,County,Pickaway County,2021,Black or African American,0.0340075874857522
0500000US39129,County,Pickaway County,2022,Black or African American,0.035891109740443766
0500000US39129,County,Pickaway County,2023,Black or African American,0.03820581684789729
0500000US39129,County,Pickaway County,2024,Black or African American,0.03997876379548892
0500000US39141,County,Ross County,2010,Black or African American,0.061986222438474736
0500000US39141,County,Ross County,2011,Black or African American,0.06038849718358877
0500000US39141,County,Ross County,2012,Black or African American,0.05906311012270335
0500000US39141,County,Ross County,2013,Black or African American,0.05864161587930075
0500000US39141,County,Ross County,2014,Black or African American,0.05874570335300603
0500000US39141,County,Ross County,2015,Black or African American,0.057989071889317186
0500000US39141,County,Ross County,2016,Black or African American,0.05806266916510514
0500000US39141,County,Ross County,2017,Black or African American,0.060042693576557345
0500000US39141,County,Ross County,2018,Black or African American,0.057268092190832946
0500000US39141,County,Ross County,2019,Black or African American,0.0553178723293246
0500000US39141,County,Ross County,2020,Black or African American,0.05585976021176104
0500000US39141,County,Ross County,2021,Black or African American,0.055183859080573924
0500000US39141,County,Ross County,2022,Black or African American,0.05655147164581127
0500000US39141,County,Ross County,2023,Black or African American,0.05648414985590778
0500000US39141,County,Ross County,2024,Black or African American,0.05662362254424953
0500000US39159,County,Union County,2010,Black or African American,0.02327310155535224
0500000US39159,County,Union County,2011,Black or African American,0.024352575572087767
0500000US39159,County,Union County,2012,Black or African American,0.022255473899537845
0500000US39159,County,Union County,2013,Black or African American,0.023205329740250018
0500000US39159,County,Union County,2014,Black or African American,0.023599204061517862
0500000US39159,County,Union County,2015,Black or African American,0.02390233139663161
0500000US39159,County,Union County,2016,Black or African American,0.025188463683632895
0500000US39159,County,Union County,2017,Black or African American,0.0251417303426177
0500000US39159,County,Union County,2018,Black or African American,0.025561593575854073
0500000US39159,County,Union County,2019,Black or African American,0.026022241811893946
0500000US39159,County,Union County,2020,Black or African American,0.026898082104929465
0500000US39159,County,Union County,2021,Black or African American,0.02754956310754158
0500000US39159,County,Union County,2022,Black or African American,0.02670073363515472
0500000US39159,County,Union County,2023,Black or African American,0.02888267756038128
0500000US39159,County,Union County,2024,Black or African American,0.02954504259561356
M010000US001,Region,15-County Region,2010,Black or African American,0.12974026977700892
M010000US001,Region,15-County Region,2011,Black or African American,0.13121251911012646
M010000US001,Region,15-County Region,2012,Black or African American,0.13307817035655575
M010000US001,Region,15-County Region,2013,Black or African American,0.13488896634247163
M010000US001,Region,15-County Region,2014,Black or African American,0.13696787744051264
M010000US001,Region,15-County Region,2015,Black or African American,0.13899414727690018
M010000US001,Region,15-County Region,2016,Black or African American,0.1410806392199257
M010000US001,Region,15-County Region,2017,Black or African American,0.1432404260908621
M010000US001,Region,15-County Region,2018,Black or African American,0.1448973509794786
M010000US001,Region,15-County Region,2019,Black or African American,0.14619822382296715
M010000US001,Region,15-County Region,2020,Black or African American,0.1472680624100827
M010000US001,Region,15-County Region,2021,Black or African American,0.14949805836243216
M010000US001,Region,15-County Region,2022,Black or African American,0.15227442712964964
M010000US001,Region,15-County Region,2023,Black or African American,0.15466511909674077
M010000US001,Region,15-County Region,2024,Black or African American,0.15683278285938285
0500000US39041,County,Delaware County,2010,Some other race,0.001541984820016105
0500000US39041,County,Delaware County,2011,Some other race,0.001624331363598174
0500000US39041,County,Delaware County,2012,Some other race,0.0016673383868777156
0500000US39041,County,Delaware County,2013,Some other race,0.0017963102815837738
0500000US39041,County,Delaware County,2014,Some other race,0.001805320945945946
0500000US39041,County,Delaware County,2015,Some other race,0.0017322419347332607
0500000US39041,County,Delaware County,2016,Some other race,0.001739844986405876
0500000US39041,County,Delaware County,2017,Some other race,0.0017623338477622344
0500000US39041,County,Delaware County,2018,Some other race,0.0018040772145047808
0500000US39041,County,Delaware County,2019,Some other race,0.0018309852421633354
0500000US39041,County,Delaware County,2020,Some other race,0.0018869502979150592
0500000US39041,County,Delaware County,2021,Some other race,0.001902360553808336
0500000US39041,County,Delaware County,2022,Some other race,0.0019558782069354383
0500000US39041,County,Delaware County,2023,Some other race,0.0019077737483457367
0500000US39041,County,Delaware County,2024,Some other race,0.0018910264491566022
0500000US39045,County,Fairfield County,2010,Some other race,0.0021855385645109518
0500000US39045,County,Fairfield County,2011,Some other race,0.002303395980268254
0500000US39045,County,Fairfield County,2012,Some other race,0.0023557205993170447
0500000US39045,County,Fairfield County,2013,Some other race,0.0024261404876475172
0500000US39045,County,Fairfield County,2014,Some other race,0.0024275073157754724
0500000US39045,County,Fairfield County,2015,Some other race,0.002393325135203036
0500000US39045,County,Fairfield County,2016,Some other race,0.0023954604061810734
0500000US39045,County,Fairfield County,2017,Some other race,0.002495377732955794
0500000US39045,County,Fairfield County,2018,Some other race,0.0023720685720147196
0500000US39045,County,Fairfield County,2019,Some other race,0.002379834236612639
0500000US39045,County,Fairfield County,2020,Some other race,0.0022450208197461498
0500000US39045,County,Fairfield County,2021,Some other race,0.0022326273682904897
0500000US39045,County,Fairfield County,2022,Some other race,0.0021695696407339764
0500000US39045,County,Fairfield County,2023,Some other race,0.0021795568435669867
0500000US39045,County,Fairfield County,2024,Some other race,0.0023485652293129553
0500000US39047,County,Fayette County,2010,Some other race,0.0023092300268835733
0500000US39047,County,Fayette County,2011,Some other race,0.002494197526587453
0500000US39047,County,Fayette County,2012,Some other race,0.002502867869433726
0500000US39047,County,Fayette County,2013,Some other race,0.002440214738897023
0500000US39047,County,Fayette County,2014,Some other race,0.002617801047120419
0500000US39047,County,Fayette County,2015,Some other race,0.002481563035196253
0500000US39047,County,Fayette County,2016,Some other race,0.002546215556330659
0500000US39047,County,Fayette County,2017,Some other race,0.0026886413631760885
0500000US39047,County,Fayette County,2018,Some other race,0.003001430914738422
0500000US39047,County,Fayette County,2019,Some other race,0.0029097283085013147
0500000US39047,County,Fayette County,2020,Some other race,0.002864241838636207
0500000US39047,County,Fayette County,2021,Some other race,0.0027302574736478313
0500000US39047,County,Fayette County,2022,Some other race,0.0027723870252287217
0500000US39047,County,Fayette County,2023,Some other race,0.002636051472373487
0500000US39047,County,Fayette County,2024,Some other race,0.0027447710374539644
0500000US39049,County,Franklin County,2010,Some other race,0.0025784555334324587
0500000US39049,County,Franklin County,2011,Some other race,0.0025254065040650406
0500000US39049,County,Franklin County,2012,Some other race,0.0025145011238110328
0500000US39049,County,Franklin County,2013,Some other race,0.0024973787368383054
0500000US39049,County,Franklin County,2014,Some other race,0.002431437657163253
0500000US39049,County,Franklin County,2015,Some other race,0.002420100112455523
0500000US39049,County,Franklin County,2016,Some other race,0.0023908352622699987
0500000US39049,County,Franklin County,2017,Some other race,0.0023419348364736668
0500000US39049,County,Franklin County,2018,Some other race,0.002317048737552554
0500000US39049,County,Franklin County,2019,Some other race,0.002269213126805574
0500000US39049,County,Franklin County,2020,Some other race,0.0022770770967267015
0500000US39049,County,Franklin County,2021,Some other race,0.002231682146542828
0500000US39049,County,Franklin County,2022,Some other race,0.002145083894020202
0500000US39049,County,Franklin County,2023,Some other race,0.0021009737075800114
0500000US39049,County,Franklin County,2024,Some other race,0.0020106126728319557
0500000US39073,County,Hocking County,2010,Some other race,0.003053124363932424
0500000US39073,County,Hocking County,2011,Some other race,0.0030543677458766036
0500000US39073,County,Hocking County,2012,Some other race,0.0030371280371280372
0500000US39073,County,Hocking County,2013,Some other race,0.0031410323526332323
0500000US39073,County,Hocking County,2014,Some other race,0.003235570399749504
0500000US39073,County,Hocking County,2015,Some other race,0.0031228070175438596
0500000US39073,County,Hocking County,2016,Some other race,0.0031345754235198816
0500000US39073,County,Hocking County,2017,Some other race,0.003376002250668167
0500000US39073,County,Hocking County,2018,Some other race,0.0035969954508586945
0500000US39073,County,Hocking County,2019,Some other race,0.003396546844041891
0500000US39073,County,Hocking County,2020,Some other race,0.0034229480139770377
0500000US39073,County,Hocking County,2021,Some other race,0.0033797004518125867
0500000US39073,County,Hocking County,2022,Some other race,0.0037711453507165175
0500000US39073,County,Hocking County,2023,Some other race,0.003990278231218486
0500000US39073,County,Hocking County,2024,Some other race,0.004083269532246892
0500000US39083,County,Knox County,2010,Some other race,0.00211163856605009
0500000US39083,County,Knox County,2011,Some other race,0.0021702592888729337
0500000US39083,County,Knox County,2012,Some other race,0.002271081561450859
0500000US39083,County,Knox County,2013,Some other race,0.0021361201485425086
0500000US39083,County,Knox County,2014,Some other race,0.0021967213114754097
0500000US39083,County,Knox County,2015,Some other race,0.0022294716480057704
0500000US39083,County,Knox County,2016,Some other race,0.0023149288282519826
0500000US39083,County,Knox County,2017,Some other race,0.002448140229472344
0500000US39083,County,Knox County,2018,Some other race,0.0025363489499192243
0500000US39083,County,Knox County,2019,Some other race,0.002663585892622188
0500000US39083,County,Knox County,2020,Some other race,0.0027073512549369346
0500000US39083,County,Knox County,2021,Some other race,0.0029261740673819535
0500000US39083,County,Knox County,2022,Some other race,0.0029753426391922262
0500000US39083,County,Knox County,2023,Some other race,0.002873200303106845
0500000US39083,County,Knox County,2024,Some other race,0.002803533391805538
0500000US39089,County,Licking County,2010,Some other race,0.002819351549143697
0500000US39089,County,Licking County,2011,Some other race,0.0028295566030963606
0500000US39089,County,Licking County,2012,Some other race,0.0028999516674722086
0500000US39089,County,Licking County,2013,Some other race,0.002867132452021536
0500000US39089,County,Licking County,2014,Some other race,0.0028746827223894694
0500000US39089,County,Licking County,2015,Some other race,0.00284272409164708
0500000US39089,County,Licking County,2016,Some other race,0.002819882204508323
0500000US39089,County,Licking County,2017,Some other race,0.0029893386016346325
0500000US39089,County,Licking County,2018,Some other race,0.0030227818701399245
0500000US39089,County,Licking County,2019,Some other race,0.003075844443690561
0500000US39089,County,Licking County,2020,Some other race,0.0029474932325107943
0500000US39089,County,Licking County,2021,Some other race,0.0030880139516026015
0500000US39089,County,Licking County,2022,Some other race,0.003078631548276791
0500000US39089,County,Licking County,2023,Some other race,0.0029639315680505614
0500000US39089,County,Licking County,2024,Some other race,0.0029475710932514144
0500000US39091,County,Logan County,2010,Some other race,0.0026452134752858363
0500000US39091,County,Logan County,2011,Some other race,0.002564495977905881
0500000US39091,County,Logan County,2012,Some other race,0.002664611319092711
0500000US39091,County,Logan County,2013,Some other race,0.002841847862005155
0500000US39091,County,Logan County,2014,Some other race,0.002990785740989158
0500000US39091,County,Logan County,2015,Some other race,0.003248618784530387
0500000US39091,County,Logan County,2016,Some other race,0.003412515511434143
0500000US39091,County,Logan County,2017,Some other race,0.0032081065533873182
0500000US39091,County,Logan County,2018,Some other race,0.0032427424336009883
0500000US39091,County,Logan County,2019,Some other race,0.0030872306883867576
0500000US39091,County,Logan County,2020,Some other race,0.0031877520926399793
0500000US39091,County,Logan County,2021,Some other race,0.0033578856152512997
0500000US39091,County,Logan County,2022,Some other race,0.003583840139009557
0500000US39091,County,Logan County,2023,Some other race,0.0036703225105874687
0500000US39091,County,Logan County,2024,Some other race,0.003645437778018878
0500000US39097,County,Madison County,2010,Some other race,0.002302343785974122
0500000US39097,County,Madison County,2011,Some other race,0.0022962378809667392
0500000US39097,County,Madison County,2012,Some other race,0.00237258961177921
0500000US39097,County,Madison County,2013,Some other race,0.002358054373959682
0500000US39097,County,Madison County,2014,Some other race,0.002683037744429286
0500000US39097,County,Madison County,2015,Some other race,0.0027866512607897776
0500000US39097,County,Madison County,2016,Some other race,0.0028817115060977014
0500000US39097,County,Madison County,2017,Some other race,0.003110737721668445
0500000US39097,County,Madison County,2018,Some other race,0.0032215188447588367
0500000US39097,County,Madison County,2019,Some other race,0.003331023227739152
0500000US39097,County,Madison County,2020,Some other race,0.0031465183090884216
0500000US39097,County,Madison County,2021,Some other race,0.003239813710711634
0500000US39097,County,Madison County,2022,Some other race,0.003531057253571183
0500000US39097,County,Madison County,2023,Some other race,0.0035595952359631054
0500000US39097,County,Madison County,2024,Some other race,0.003492126243658167
0500000US39101,County,Marion County,2010,Some other race,0.001880887176863583
0500000US39101,County,Marion County,2011,Some other race,0.0019519812609798946
0500000US39101,County,Marion County,2012,Some other race,0.002036905713897732
0500000US39101,County,Marion County,2013,Some other race,0.002122369777454369
0500000US39101,County,Marion County,2014,Some other race,0.002112750984177167
0500000US39101,County,Marion County,2015,Some other race,0.002170225122648286
0500000US39101,County,Marion County,2016,Some other race,0.002214856339835337
0500000US39101,County,Marion County,2017,Some other race,0.002397197123363452
0500000US39101,County,Marion County,2018,Some other race,0.002583031470188149
0500000US39101,County,Marion County,2019,Some other race,0.0026423732198546696
0500000US39101,County,Marion County,2020,Some other race,0.0026456644746903194
0500000US39101,County,Marion County,2021,Some other race,0.002755242614419103
0500000US39101,County,Marion County,2022,Some other race,0.0027254707631318136
0500000US39101,County,Marion County,2023,Some other race,0.0028999814894798545
0500000US39101,County,Marion County,2024,Some other race,0.002970327505540507
0500000US39117,County,Morrow County,2010,Some other race,0.0013797068123023858
0500000US39117,County,Morrow County,2011,Some other race,0.0014650962367135881
0500000US39117,County,Morrow County,2012,Some other race,0.0015215019808233335
0500000US39117,County,Morrow County,2013,Some other race,0.0015209780175629915
0500000US39117,County,Morrow County,2014,Some other race,0.001660131093110456
0500000US39117,County,Morrow County,2015,Some other race,0.001774318175314083
0500000US39117,County,Morrow County,2016,Some other race,0.0018899261210698127
0500000US39117,County,Morrow County,2017,Some other race,0.0019191658789493283
0500000US39117,County,Morrow County,2018,Some other race,0.001993563637399254
0500000US39117,County,Morrow County,2019,Some other race,0.002122961956521739
0500000US39117,County,Morrow County,2020,Some other race,0.0020295572135037017
0500000US39117,County,Morrow County,2021,Some other race,0.0021016159722813893
0500000US39117,County,Morrow County,2022,Some other race,0.0022935130390463517
0500000US39117,County,Morrow County,2023,Some other race,0.0022201613129865386
0500000US39117,County,Morrow County,2024,Some other race,0.002171069112366744
0500000US39127,County,Perry County,2010,Some other race,0.002608430224491495
0500000US39127,County,Perry County,2011,Some other race,0.0027323912563479795
0500000US39127,County,Perry County,2012,Some other race,0.0028345931525122275
0500000US39127,County,Perry County,2013,Some other race,0.003416666666666667
0500000US39127,County,Perry County,2014,Some other race,0.0033958692868674496
0500000US39127,County,Perry County,2015,Some other race,0.0034476047487975088
0500000US39127,County,Perry County,2016,Some other race,0.0038057669870548362
0500000US39127,County,Perry County,2017,Some other race,0.003919715334148782
0500000US39127,County,Perry County,2018,Some other race,0.004051166791531396
0500000US39127,County,Perry County,2019,Some other race,0.004510986882160846
0500000US39127,County,Perry County,2020,Some other race,0.004597376956705684
0500000US39127,County,Perry County,2021,Some other race,0.004707142454478832
0500000US39127,County,Perry County,2022,Some other race,0.004706479159033904
0500000US39127,County,Perry County,2023,Some other race,0.004750259999437839
0500000US39127,County,Perry County,2024,Some other race,0.004680230928759598
0500000US39129,County,Pickaway County,2010,Some other race,0.001919626838894869
0500000US39129,County,Pickaway County,2011,Some other race,0.00205548008865375
0500000US39129,County,Pickaway County,2012,Some other race,0.0022049540338211497
0500000US39129,County,Pickaway County,2013,Some other race,0.0023600390382397304
0500000US39129,County,Pickaway County,2014,Some other race,0.002433690744920993
0500000US39129,County,Pickaway County,2015,Some other race,0.0024039726964852864
0500000US39129,County,Pickaway County,2016,Some other race,0.002502389434355722
0500000US39129,County,Pickaway County,2017,Some other race,0.002528576376861794
0500000US39129,County,Pickaway County,2018,Some other race,0.0025827780360555812
0500000US39129,County,Pickaway County,2019,Some other race,0.0025830952666062233
0500000US39129,County,Pickaway County,2020,Some other race,0.0024717032592390564
0500000US39129,County,Pickaway County,2021,Some other race,0.002636906483387489
0500000US39129,County,Pickaway County,2022,Some other race,0.0026172337339756945
0500000US39129,County,Pickaway County,2023,Some other race,0.0027020830603956504
0500000US39129,County,Pickaway County,2024,Some other race,0.0027027896650471377
0500000US39141,County,Ross County,2010,Some other race,0.0027657558452201083
0500000US39141,County,Ross County,2011,Some other race,0.002809966357742231
0500000US39141,County,Ross County,2012,Some other race,0.0028186860785353175
0500000US39141,County,Ross County,2013,Some other race,0.0029113776639105625
0500000US39141,County,Ross County,2014,Some other race,0.002996303262208963
0500000US39141,County,Ross County,2015,Some other race,0.003062985892094641
0500000US39141,County,Ross County,2016,Some other race,0.003149073495731834
0500000US39141,County,Ross County,2017,Some other race,0.003066175043663885
0500000US39141,County,Ross County,2018,Some other race,0.0030825659434992976
0500000US39141,County,Ross County,2019,Some other race,0.0032869851042182977
0500000US39141,County,Ross County,2020,Some other race,0.0032957907302641823
0500000US39141,County,Ross County,2021,Some other race,0.0033583357290332696
0500000US39141,County,Ross County,2022,Some other race,0.0036088337975130427
0500000US39141,County,Ross County,2023,Some other race,0.003628504060780718
0500000US39141,County,Ross County,2024,Some other race,0.003734581700549667
0500000US39159,County,Union County,2010,Some other race,0.0024016468435498627
0500000US39159,County,Union County,2011,Some other race,0.0023731048121292024
0500000US39159,County,Union County,2012,Some other race,0.0023486627774831426
0500000US39159,County,Union County,2013,Some other race,0.0022643910472340744
0500000US39159,County,Union County,2014,Some other race,0.0021572164469157384
0500000US39159,County,Union County,2015,Some other race,0.002132823416930205
0500000US39159,County,Union County,2016,Some other race,0.0021410194131087964
0500000US39159,County,Union County,2017,Some other race,0.0020775379414768127
0500000US39159,County,Union County,2018,Some other race,0.0023709805821882247
0500000US39159,County,Union County,2019,Some other race,0.002356411473520038
0500000US39159,County,Union County,2020,Some other race,0.0019020446980504042
0500000US39159,County,Union County,2021,Some other race,0.001980988651545632
0500000US39159,County,Union County,2022,Some other race,0.0019872398284698253
0500000US39159,County,Union County,2023,Some other race,0.00190640005733534
0500000US39159,County,Union County,2024,Some other race,0.0019241226419040448
M010000US001,Region,15-County Region,2010,Some other race,0.002419094106419105
M010000US001,Region,15-County Region,2011,Some other race,0.0024176321255899606
M010000US001,Region,15-County Region,2012,Some other race,0.0024387098919159103
M010000US001,Region,15-County Region,2013,Some other race,0.00245843591616365
M010000US001,Region,15-County Region,2014,Some other race,0.002441170638924323
M010000US001,Region,15-County Region,2015,Some other race,0.002433066800872919
M010000US001,Region,15-County Region,2016,Some other race,0.002436873554769978
M010000US001,Region,15-County Region,2017,Some other race,0.002441887070667695
M010000US001,Region,15-County Region,2018,Some other race,0.0024534186258337214
M010000US001,Region,15-County Region,2019,Some other race,0.002448189976542866
M010000US001,Region,15-County Region,2020,Some other race,0.002422013197845907
M010000US001,Region,15-County Region,2021,Some other race,0.0024292615596963425
M010000US001,Region,15-County Region,2022,Some other race,0.0024051629305897266
M010000US001,Region,15-County Region,2023,Some other race,0.0023718718389018506
M010000US001,Region,15-County Region,2024,Some other race,0.0023316304168193545
0500000US39041,County,Delaware County,2010,Two or more races,0.015762511493497965
0500000US39041,County,Delaware County,2011,Two or more races,0.01620410563755006
0500000US39041,County,Delaware County,2012,Two or more races,0.01666786288074114
0500000US39041,County,Delaware County,2013,Two or more races,0.017175531341029237
0500000US39041,County,Delaware County,2014,Two or more races,0.017583403716216216
0500000US39041,County,Delaware County,2015,Two or more races,0.017999803506885015
0500000US39041,County,Delaware County,2016,Two or more races,0.01831148804934464
0500000US39041,County,Delaware County,2017,Two or more races,0.01891770797032907
0500000US39041,County,Delaware County,2018,Two or more races,0.01924023969847531
0500000US39041,County,Delaware County,2019,Two or more races,0.01893611630341768
0500000US39041,County,Delaware County,2020,Two or more races,0.019710729589797454
0500000US39041,County,Delaware County,2021,Two or more races,0.020496692332718794
0500000US39041,County,Delaware County,2022,Two or more races,0.021043311248942768
0500000US39041,County,Delaware County,2023,Two or more races,0.021767526597115994
0500000US39041,County,Delaware County,2024,Two or more races,0.021814040661270937
0500000US39045,County,Fairfield County,2010,Two or more races,0.01720428638750965
0500000US39045,County,Fairfield County,2011,Two or more races,0.017373992688926032
0500000US39045,County,Fairfield County,2012,Two or more races,0.017521944861202572
0500000US39045,County,Fairfield County,2013,Two or more races,0.01782305975967096
0500000US39045,County,Fairfield County,2014,Two or more races,0.018209630220803404
0500000US39045,County,Fairfield County,2015,Two or more races,0.01857802107712854
0500000US39045,County,Fairfield County,2016,Two or more races,0.019006603878551468
0500000US39045,County,Fairfield County,2017,Two or more races,0.019148468510401716
0500000US39045,County,Fairfield County,2018,Two or more races,0.020111294893000474
0500000US39045,County,Fairfield County,2019,Two or more races,0.02066965362305964
0500000US39045,County,Fairfield County,2020,Two or more races,0.02167887422866603
0500000US39045,County,Fairfield County,2021,Two or more races,0.021879748209246798
0500000US39045,County,Fairfield County,2022,Two or more races,0.02336271036858169
0500000US39045,County,Fairfield County,2023,Two or more races,0.024433979351566746
0500000US39045,County,Fairfield County,2024,Two or more races,0.025613666980603474
0500000US39047,County,Fayette County,2010,Two or more races,0.015751016750534225
0500000US39047,County,Fayette County,2011,Two or more races,0.0161083590258773
0500000US39047,County,Fayette County,2012,Two or more races,0.016164354990092816
0500000US39047,County,Fayette County,2013,Two or more races,0.0169072021195008
0500000US39047,County,Fayette County,2014,Two or more races,0.016858638743455497
0500000US39047,County,Fayette County,2015,Two or more races,0.018664150152039427
0500000US39047,County,Fayette County,2016,Two or more races,0.019672131147540985
0500000US39047,County,Fayette County,2017,Two or more races,0.020391773455777088
0500000US39047,County,Fayette County,2018,Two or more races,0.02149862143580079
0500000US39047,County,Fayette County,2019,Two or more races,0.020999123575810692
0500000US39047,County,Fayette County,2020,Two or more races,0.021499068258678998
0500000US39047,County,Fayette County,2021,Two or more races,0.02287886642474512
0500000US39047,County,Fayette County,2022,Two or more races,0.023184086498475188
0500000US39047,County,Fayette County,2023,Two or more races,0.023377614373417503
0500000US39047,County,Fayette County,2024,Two or more races,0.023799596970328678
0500000US39049,County,Franklin County,2010,Two or more races,0.02497251762559145
0500000US39049,County,Franklin County,2011,Two or more races,0.025607215447154472
0500000US39049,County,Franklin County,2012,Two or more races,0.026003194208724444
0500000US39049,County,Franklin County,2013,Two or more races,0.02672621870277419
0500000US39049,County,Franklin County,2014,Two or more races,0.027197216968866938
0500000US39049,County,Franklin County,2015,Two or more races,0.02781007582397132
0500000US39049,County,Franklin County,2016,Two or more races,0.028465612617207422
0500000US39049,County,Franklin County,2017,Two or more races,0.028993986924068512
0500000US39049,County,Franklin County,2018,Two or more races,0.029513695058033276
0500000US39049,County,Franklin County,2019,Two or more races,0.030165041966772888
0500000US39049,County,Franklin County,2020,Two or more races,0.03123129018010502
0500000US39049,County,Franklin County,2021,Two or more races,0.03209797851028957
0500000US39049,County,Franklin County,2022,Two or more races,0.032582227588279465
0500000US39049,County,Franklin County,2023,Two or more races,0.033077825652791874
0500000US39049,County,Franklin County,2024,Two or more races,0.03343795597296474
0500000US39073,County,Hocking County,2010,Two or more races,0.010109234005020694
0500000US39073,County,Hocking County,2011,Two or more races,0.010283038077784565
0500000US39073,County,Hocking County,2012,Two or more races,0.010647010647010647
0500000US39073,County,Hocking County,2013,Two or more races,0.011517118626321852
0500000US39073,County,Hocking County,2014,Two or more races,0.012246460007654038
0500000US39073,County,Hocking County,2015,Two or more races,0.012701754385964912
0500000US39073,County,Hocking County,2016,Two or more races,0.012996161025604903
0500000US39073,County,Hocking County,2017,Two or more races,0.013328175552117036
0500000US39073,County,Hocking County,2018,Two or more races,0.013330041964946927
0500000US39073,County,Hocking County,2019,Two or more races,0.013869232946504387
0500000US39073,County,Hocking County,2020,Two or more races,0.013977037723739571
0500000US39073,County,Hocking County,2021,Two or more races,0.014337045074531289
0500000US39073,County,Hocking County,2022,Two or more races,0.01454584635276371
0500000US39073,County,Hocking County,2023,Two or more races,0.015054231508687925
0500000US39073,County,Hocking County,2024,Two or more races,0.015312260745925845
0500000US39083,County,Knox County,2010,Two or more races,0.010689147159927975
0500000US39083,County,Knox County,2011,Two or more races,0.011096062529575903
0500000US39083,County,Knox County,2012,Two or more races,0.011454150483839116
0500000US39083,County,Knox County,2013,Two or more races,0.011830819284235433
0500000US39083,County,Knox County,2014,Two or more races,0.012327868852459017
0500000US39083,County,Knox County,2015,Two or more races,0.012130948672972574
0500000US39083,County,Knox County,2016,Two or more races,0.012297033279154148
0500000US39083,County,Knox County,2017,Two or more races,0.012599761714350998
0500000US39083,County,Knox County,2018,Two or more races,0.013166397415185783
0500000US39083,County,Knox County,2019,Two or more races,0.01331792946311094
0500000US39083,County,Knox County,2020,Two or more races,0.013313797936042808
0500000US39083,County,Knox County,2021,Two or more races,0.014167159692351973
0500000US39083,County,Knox County,2022,Two or more races,0.014417750767575096
0500000US39083,County,Knox County,2023,Two or more races,0.014587016923465522
0500000US39083,County,Knox County,2024,Two or more races,0.014879087833604811
0500000US39089,County,Licking County,2010,Two or more races,0.016604181038361178
0500000US39089,County,Licking County,2011,Two or more races,0.017240554186308057
0500000US39089,County,Licking County,2012,Two or more races,0.017972539963840108
0500000US39089,County,Licking County,2013,Two or more races,0.01864526507618974
0500000US39089,County,Licking County,2014,Two or more races,0.01919603329201346
0500000US39089,County,Licking County,2015,Two or more races,0.01955325272110239
0500000US39089,County,Licking County,2016,Two or more races,0.020268266731785597
0500000US39089,County,Licking County,2017,Two or more races,0.02051642408289511
0500000US39089,County,Licking County,2018,Two or more races,0.02139856318240297
0500000US39089,County,Licking County,2019,Two or more races,0.022458187739593582
0500000US39089,County,Licking County,2020,Two or more races,0.023373006107519183
0500000US39089,County,Licking County,2021,Two or more races,0.0244041965887443
0500000US39089,County,Licking County,2022,Two or more races,0.024409150132765987
0500000US39089,County,Licking County,2023,Two or more races,0.02453960989430097
0500000US39089,County,Licking County,2024,Two or more races,0.024700104922714145
0500000US39091,County,Logan County,2010,Two or more races,0.017642043591369172
0500000US39091,County,Logan County,2011,Two or more races,0.018170659535760473
0500000US39091,County,Logan County,2012,Two or more races,0.018454085003303238
0500000US39091,County,Logan County,2013,Two or more races,0.01945233846628335
0500000US39091,County,Logan County,2014,Two or more races,0.01955006267455413
0500000US39091,County,Logan County,2015,Two or more races,0.019756906077348067
0500000US39091,County,Logan County,2016,Two or more races,0.021117709625952844
0500000US39091,County,Logan County,2017,Two or more races,0.02088587990619054
0500000US39091,County,Logan County,2018,Two or more races,0.02102267713756287
0500000US39091,County,Logan County,2019,Two or more races,0.021939043615344194
0500000US39091,County,Logan County,2020,Two or more races,0.021880556880773734
0500000US39091,County,Logan County,2021,Two or more races,0.022530329289428077
0500000US39091,County,Logan County,2022,Two or more races,0.022480451781059948
0500000US39091,County,Logan County,2023,Two or more races,0.022412856987729397
0500000US39091,County,Logan County,2024,Two or more races,0.02347835521319301
0500000US39097,County,Madison County,2010,Two or more races,0.0132384767693512
0500000US39097,County,Madison County,2011,Two or more races,0.014009370506100106
0500000US39097,County,Madison County,2012,Two or more races,0.013886627433648904
0500000US39097,County,Madison County,2013,Two or more races,0.014032735343073793
0500000US39097,County,Madison County,2014,Two or more races,0.014643019554342883
0500000US39097,County,Madison County,2015,Two or more races,0.014816828654931013
0500000US39097,County,Madison County,2016,Two or more races,0.014938792447610484
0500000US39097,County,Madison County,2017,Two or more races,0.01580345587066597
0500000US39097,County,Madison County,2018,Two or more races,0.015386694901890107
0500000US39097,County,Madison County,2019,Two or more races,0.015895016878674745
0500000US39097,County,Madison County,2020,Two or more races,0.016211409548999044
0500000US39097,County,Madison County,2021,Two or more races,0.016356559497828875
0500000US39097,County,Madison County,2022,Two or more races,0.01788457569990599
0500000US39097,County,Madison County,2023,Two or more races,0.018648697053819288
0500000US39097,County,Madison County,2024,Two or more races,0.019613010915639894
0500000US39101,County,Marion County,2010,Two or more races,0.014956814830419211
0500000US39101,County,Marion County,2011,Two or more races,0.01525548431658133
0500000US39101,County,Marion County,2012,Two or more races,0.014650632949590356
0500000US39101,County,Marion County,2013,Two or more races,0.015462979807167546
0500000US39101,County,Marion County,2014,Two or more races,0.016354820568162818
0500000US39101,County,Marion County,2015,Two or more races,0.017300667879139857
0500000US39101,County,Marion County,2016,Two or more races,0.018024348144866878
0500000US39101,County,Marion County,2017,Two or more races,0.018286311389759665
0500000US39101,County,Marion County,2018,Two or more races,0.018814862365690004
0500000US39101,County,Marion County,2019,Two or more races,0.019218656383942975
0500000US39101,County,Marion County,2020,Two or more races,0.02015598715399908
0500000US39101,County,Marion County,2021,Two or more races,0.021261288841267413
0500000US39101,County,Marion County,2022,Two or more races,0.0223302775024777
0500000US39101,County,Marion County,2023,Two or more races,0.022737088912198434
0500000US39101,County,Marion County,2024,Two or more races,0.023577936468850036
0500000US39117,County,Morrow County,2010,Two or more races,0.011957459039954009
0500000US39117,County,Morrow County,2011,Two or more races,0.012726228095374893
0500000US39117,County,Morrow County,2012,Two or more races,0.01329161164379629
0500000US39117,County,Morrow County,2013,Two or more races,0.012770475807840211
0500000US39117,County,Morrow County,2014,Two or more races,0.012765835647021781
0500000US39117,County,Morrow County,2015,Two or more races,0.013307386314855622
0500000US39117,County,Morrow County,2016,Two or more races,0.013830822976919992
0500000US39117,County,Morrow County,2017,Two or more races,0.013376872618945318
0500000US39117,County,Morrow County,2018,Two or more races,0.013271437928972176
0500000US39117,County,Morrow County,2019,Two or more races,0.014464447463768116
0500000US39117,County,Morrow County,2020,Two or more races,0.01429265643312466
0500000US39117,County,Morrow County,2021,Two or more races,0.015080514611911051
0500000US39117,County,Morrow County,2022,Two or more races,0.01585638644278959
0500000US39117,County,Morrow County,2023,Two or more races,0.016861984655593965
0500000US39117,County,Morrow County,2024,Two or more races,0.01725721602137668
0500000US39127,County,Perry County,2010,Two or more races,0.01209867636040736
0500000US39127,County,Perry County,2011,Two or more races,0.012475160079487745
0500000US39127,County,Perry County,2012,Two or more races,0.012283236994219654
0500000US39127,County,Perry County,2013,Two or more races,0.01211111111111111
0500000US39127,County,Perry County,2014,Two or more races,0.013221622223459333
0500000US39127,County,Perry County,2015,Two or more races,0.013679205938777212
0500000US39127,County,Perry County,2016,Two or more races,0.014084115784210234
0500000US39127,County,Perry County,2017,Two or more races,0.014066496163682864
0500000US39127,County,Perry County,2018,Two or more races,0.014040345181608812
0500000US39127,County,Perry County,2019,Two or more races,0.014335528864781092
0500000US39127,County,Perry County,2020,Two or more races,0.014610069101678183
0500000US39127,County,Perry County,2021,Two or more races,0.015418005524550426
0500000US39127,County,Perry County,2022,Two or more races,0.016064030662570807
0500000US39127,County,Perry County,2023,Two or more races,0.01613401916968828
0500000US39127,County,Perry County,2024,Two or more races,0.01661902359733199
0500000US39129,County,Pickaway County,2010,Two or more races,0.011194833153928956
0500000US39129,County,Pickaway County,2011,Two or more races,0.011474941016658326
0500000US39129,County,Pickaway County,2012,Two or more races,0.012340629834450629
0500000US39129,County,Pickaway County,2013,Two or more races,0.012687427912341407
0500000US39129,County,Pickaway County,2014,Two or more races,0.013420569977426636
0500000US39129,County,Pickaway County,2015,Two or more races,0.013932513292038814
0500000US39129,County,Pickaway County,2016,Two or more races,0.014493005473976887
0500000US39129,County,Pickaway County,2017,Two or more races,0.01482507793557326
0500000US39129,County,Pickaway County,2018,Two or more races,0.014997331129362742
0500000US39129,County,Pickaway County,2019,Two or more races,0.015515678190806919
0500000US39129,County,Pickaway County,2020,Two or more races,0.016534842492840585
0500000US39129,County,Pickaway County,2021,Two or more races,0.017777853387999525
0500000US39129,County,Pickaway County,2022,Two or more races,0.018787403937519796
0500000US39129,County,Pickaway County,2023,Two or more races,0.01898008646665793
0500000US39129,County,Pickaway County,2024,Two or more races,0.019514784902989156
0500000US39141,County,Ross County,2010,Two or more races,0.019385899766959463
0500000US39141,County,Ross County,2011,Two or more races,0.02027558293912169
0500000US39141,County,Ross County,2012,Two or more races,0.020778112514707594
0500000US39141,County,Ross County,2013,Two or more races,0.02164771036321054
0500000US39141,County,Ross County,2014,Two or more races,0.021856151501394385
0500000US39141,County,Ross County,2015,Two or more races,0.022466222793287388
0500000US39141,County,Ross County,2016,Two or more races,0.023123568602956484
0500000US39141,County,Ross County,2017,Two or more races,0.02394721521443819
0500000US39141,County,Ross County,2018,Two or more races,0.024179283075802506
0500000US39141,County,Ross County,2019,Two or more races,0.025513265332742025
0500000US39141,County,Ross County,2020,Two or more races,0.026275496963720352
0500000US39141,County,Ross County,2021,Two or more races,0.02630478530172752
0500000US39141,County,Ross County,2022,Two or more races,0.027013951542253428
0500000US39141,County,Ross County,2023,Two or more races,0.028255174220592087
0500000US39141,County,Ross County,2024,Two or more races,0.02781211372064277
0500000US39159,County,Union County,2010,Two or more races,0.012198841110094541
0500000US39159,County,Union County,2011,Two or more races,0.012392880685563613
0500000US39159,County,Union County,2012,Two or more races,0.012841881960754602
0500000US39159,County,Union County,2013,Two or more races,0.013417920503031665
0500000US39159,County,Union County,2014,Two or more races,0.013147862310081268
0500000US39159,County,Union County,2015,Two or more races,0.013017577406780908
0500000US39159,County,Union County,2016,Two or more races,0.013475828070743599
0500000US39159,County,Union County,2017,Two or more races,0.014454734321631043
0500000US39159,County,Union County,2018,Two or more races,0.014987366307846734
0500000US39159,County,Union County,2019,Two or more races,0.015189530073913339
0500000US39159,County,Union County,2020,Two or more races,0.01589792360120463
0500000US39159,County,Union County,2021,Two or more races,0.01633931724995777
0500000US39159,County,Union County,2022,Two or more races,0.017227725731020365
0500000US39159,County,Union County,2023,Two or more races,0.01784562459686089
0500000US39159,County,Union County,2024,Two or more races,0.018111850085748945
M010000US001,Region,15-County Region,2010,Two or more races,0.020388070253419543
M010000US001,Region,15-County Region,2011,Two or more races,0.020955531251317255
M010000US001,Region,15-County Region,2012,Two or more races,0.02136521927048069
M010000US001,Region,15-County Region,2013,Two or more races,0.022015366889481382
M010000US001,Region,15-County Region,2014,Two or more races,0.02249079242197466
M010000US001,Region,15-County Region,2015,Two or more races,0.023038209734870342
M010000US001,Region,15-County Region,2016,Two or more races,0.023652184814276403
M010000US001,Region,15-County Region,2017,Two or more races,0.02413158987483369
M010000US001,Region,15-County Region,2018,Two or more races,0.024631147713010886
M010000US001,Region,15-County Region,2019,Two or more races,0.0251954865324557
M010000US001,Region,15-County Region,2020,Two or more races,0.026068738608756317
M010000US001,Region,15-County Region,2021,Two or more races,0.026807989040305718
M010000US001,Region,15-County Region,2022,Two or more races,0.02737098290202025
M010000US001,Region,15-County Region,2023,Two or more races,0.027882123344610064
M010000US001,Region,15-County Region,2024,Two or more races,0.028265779521411002
0500000US39041,County,Delaware County,2010,Hispanic or Latino (any races),0.021153747308665382
0500000US39041,County,Delaware County,2011,Hispanic or Latino (any races),0.021738034559050046
0500000US39041,County,Delaware County,2012,Hispanic or Latino (any races),0.022707823792145844
0500000US39041,County,Delaware County,2013,Hispanic or Latino (any races),0.023249541482360556
0500000US39041,County,Delaware County,2014,Hispanic or Latino (any races),0.023807010135135136
0500000US39041,County,Delaware County,2015,Hispanic or Latino (any races),0.024060064842727946
0500000US39041,County,Delaware County,2016,Hispanic or Latino (any races),0.025362171813496735
0500000US39041,County,Delaware County,2017,Hispanic or Latino (any races),0.025812714691093742
0500000US39041,County,Delaware County,2018,Hispanic or Latino (any races),0.027129420598661084
0500000US39041,County,Delaware County,2019,Hispanic or Latino (any races),0.028014552269130927
0500000US39041,County,Delaware County,2020,Hispanic or Latino (any races),0.03258939775610935
0500000US39041,County,Delaware County,2021,Hispanic or Latino (any races),0.03313993420814807
0500000US39041,County,Delaware County,2022,Hispanic or Latino (any races),0.034725648435297435
0500000US39041,County,Delaware County,2023,Hispanic or Latino (any races),0.03580083529553306
0500000US39041,County,Delaware County,2024,Hispanic or Latino (any races),0.03754317843725574
0500000US39045,County,Fairfield County,2010,Hispanic or Latino (any races),0.017224775811551938
0500000US39045,County,Fairfield County,2011,Hispanic or Latino (any races),0.017829236142253388
0500000US39045,County,Fairfield County,2012,Hispanic or Latino (any races),0.01844522440445075
0500000US39045,County,Fairfield County,2013,Hispanic or Latino (any races),0.01891851931503535
0500000US39045,County,Fairfield County,2014,Hispanic or Latino (any races),0.019952114924181964
0500000US39045,County,Fairfield County,2015,Hispanic or Latino (any races),0.020290372486016898
0500000US39045,County,Fairfield County,2016,Hispanic or Latino (any races),0.02119262512353638
0500000US39045,County,Fairfield County,2017,Hispanic or Latino (any races),0.0218248580996341
0500000US39045,County,Fairfield County,2018,Hispanic or Latino (any races),0.022874434229590592
0500000US39045,County,Fairfield County,2019,Hispanic or Latino (any races),0.023741226344447686
0500000US39045,County,Fairfield County,2020,Hispanic or Latino (any races),0.02572367430893493
0500000US39045,County,Fairfield County,2021,Hispanic or Latino (any races),0.026704704021830134
0500000US39045,County,Fairfield County,2022,Hispanic or Latino (any races),0.027468957993699666
0500000US39045,County,Fairfield County,2023,Hispanic or Latino (any races),0.02853951578820262
0500000US39045,County,Fairfield County,2024,Hispanic or Latino (any races),0.02936302619186705
0500000US39047,County,Fayette County,2010,Hispanic or Latino (any races),0.017991314537809333
0500000US39047,County,Fayette County,2011,Hispanic or Latino (any races),0.017701874112308173
0500000US39047,County,Fayette County,2012,Hispanic or Latino (any races),0.017172454548614734
0500000US39047,County,Fayette County,2013,Hispanic or Latino (any races),0.01767412675172558
0500000US39047,County,Fayette County,2014,Hispanic or Latino (any races),0.019650959860383944
0500000US39047,County,Fayette County,2015,Hispanic or Latino (any races),0.020376778162245292
0500000US39047,County,Fayette County,2016,Hispanic or Latino (any races),0.020683641437042204
0500000US39047,County,Fayette County,2017,Hispanic or Latino (any races),0.021334543803903767
0500000US39047,County,Fayette County,2018,Hispanic or Latino (any races),0.022161728265801137
0500000US39047,County,Fayette County,2019,Hispanic or Latino (any races),0.022787028921998246
0500000US39047,County,Fayette County,2020,Hispanic or Latino (any races),0.02339705983849817
0500000US39047,County,Fayette County,2021,Hispanic or Latino (any races),0.024710558147572146
0500000US39047,County,Fayette County,2022,Hispanic or Latino (any races),0.025332686443027448
0500000US39047,County,Fayette County,2023,Hispanic or Latino (any races),0.025424022753286393
0500000US39047,County,Fayette County,2024,Hispanic or Latino (any races),0.026127440761587104
0500000US39049,County,Franklin County,2010,Hispanic or Latino (any races),0.04806114206629726
0500000US39049,County,Franklin County,2011,Hispanic or Latino (any races),0.048622120596205964
0500000US39049,County,Franklin County,2012,Hispanic or Latino (any races),0.04933426185005567
0500000US39049,County,Franklin County,2013,Hispanic or Latino (any races),0.05028887222511195
0500000US39049,County,Franklin County,2014,Hispanic or Latino (any races),0.05122653957405024
0500000US39049,County,Franklin County,2015,Hispanic or Latino (any races),0.052444515844776385
0500000US39049,County,Franklin County,2016,Hispanic or Latino (any races),0.053799678292596805
0500000US39049,County,Franklin County,2017,Hispanic or Latino (any races),0.05537664703475851
0500000US39049,County,Franklin County,2018,Hispanic or Latino (any races),0.056656047497205014
0500000US39049,County,Franklin County,2019,Hispanic or Latino (any races),0.05781101434130545
0500000US39049,County,Franklin County,2020,Hispanic or Latino (any races),0.06896463207009411
0500000US39049,County,Franklin County,2021,Hispanic or Latino (any races),0.07073468706367995
0500000US39049,County,Franklin County,2022,Hispanic or Latino (any races),0.07320701339999564
0500000US39049,County,Franklin County,2023,Hispanic or Latino (any races),0.07784432479425321
0500000US39049,County,Franklin County,2024,Hispanic or Latino (any races),0.08239383087702379
0500000US39073,County,Hocking County,2010,Hispanic or Latino (any races),0.00678472080873872
0500000US39073,County,Hocking County,2011,Hispanic or Latino (any races),0.007534107106495622
0500000US39073,County,Hocking County,2012,Hispanic or Latino (any races),0.007848757848757848
0500000US39073,County,Hocking County,2013,Hispanic or Latino (any races),0.008655289149478239
0500000US39073,County,Hocking County,2014,Hispanic or Latino (any races),0.008732560971366942
0500000US39073,County,Hocking County,2015,Hispanic or Latino (any races),0.009017543859649122
0500000US39073,County,Hocking County,2016,Hispanic or Latino (any races),0.009192406579086395
0500000US39073,County,Hocking County,2017,Hispanic or Latino (any races),0.009741173160782107
0500000US39073,County,Hocking County,2018,Hispanic or Latino (any races),0.010720457030010226
0500000US39073,County,Hocking County,2019,Hispanic or Latino (any races),0.011392584206057176
0500000US39073,County,Hocking County,2020,Hispanic or Latino (any races),0.008628681451900449
0500000US39073,County,Hocking County,2021,Hispanic or Latino (any races),0.009534312853534455
0500000US39073,County,Hocking County,2022,Hispanic or Latino (any races),0.009733146571849299
0500000US39073,County,Hocking County,2023,Hispanic or Latino (any races),0.009830594551456451
0500000US39073,County,Hocking County,2024,Hispanic or Latino (any races),0.010682124758467316
0500000US39083,County,Knox County,2010,Hispanic or Latino (any races),0.012309706989687346
0500000US39083,County,Knox County,2011,Hispanic or Latino (any races),0.013184733123378424
0500000US39083,County,Knox County,2012,Hispanic or Latino (any races),0.013511289579356198
0500000US39083,County,Knox County,2013,Hispanic or Latino (any races),0.013802622498274672
0500000US39083,County,Knox County,2014,Hispanic or Latino (any races),0.013934426229508197
0500000US39083,County,Knox County,2015,Hispanic or Latino (any races),0.01458992475533188
0500000US39083,County,Knox County,2016,Hispanic or Latino (any races),0.01469405178216684
0500000US39083,County,Knox County,2017,Hispanic or Latino (any races),0.01491733446491815
0500000US39083,County,Knox County,2018,Hispanic or Latino (any races),0.015137318255250404
0500000US39083,County,Knox County,2019,Hispanic or Latino (any races),0.015692692789063253
0500000US39083,County,Knox County,2020,Hispanic or Latino (any races),0.01907886354949675
0500000US39083,County,Knox County,2021,Hispanic or Latino (any races),0.019571787204784214
0500000US39083,County,Knox County,2022,Hispanic or Latino (any races),0.02065330927737157
0500000US39083,County,Knox County,2023,Hispanic or Latino (any races),0.02123326597625663
0500000US39083,County,Knox County,2024,Hispanic or Latino (any races),0.02139456208495176
0500000US39089,County,Licking County,2010,Hispanic or Latino (any races),0.014072763264449176
0500000US39089,County,Licking County,2011,Hispanic or Latino (any races),0.014925462420138307
0500000US39089,County,Licking County,2012,Hispanic or Latino (any races),0.015257564637297197
0500000US39089,County,Licking County,2013,Hispanic or Latino (any races),0.01587904618873211
0500000US39089,County,Licking County,2014,Hispanic or Latino (any races),0.01650433858686028
0500000US39089,County,Licking County,2015,Hispanic or Latino (any races),0.01739629918352275
0500000US39089,County,Licking County,2016,Hispanic or Latino (any races),0.018291442093573574
0500000US39089,County,Licking County,2017,Hispanic or Latino (any races),0.01947965924995824
0500000US39089,County,Licking County,2018,Hispanic or Latino (any races),0.019986793118759463
0500000US39089,County,Licking County,2019,Hispanic or Latino (any races),0.0207732582465425
0500000US39089,County,Licking County,2020,Hispanic or Latino (any races),0.022606769726392088
0500000US39089,County,Licking County,2021,Hispanic or Latino (any races),0.02331561613098511
0500000US39089,County,Licking County,2022,Hispanic or Latino (any races),0.02423872588634352
0500000US39089,County,Licking County,2023,Hispanic or Latino (any races),0.02549852893102321
0500000US39089,County,Licking County,2024,Hispanic or Latino (any races),0.026863459853540873
0500000US39091,County,Logan County,2010,Hispanic or Latino (any races),0.01171763985746453
0500000US39091,County,Logan County,2011,Hispanic or Latino (any races),0.012625210968152029
0500000US39091,County,Logan County,2012,Hispanic or Latino (any races),0.012838581810173971
0500000US39091,County,Logan County,2013,Hispanic or Latino (any races),0.013526314630009032
0500000US39091,County,Logan County,2014,Hispanic or Latino (any races),0.014206232269698502
0500000US39091,County,Logan County,2015,Hispanic or Latino (any races),0.014696132596685082
0500000US39091,County,Logan County,2016,Hispanic or Latino (any races),0.015046091118595993
0500000US39091,County,Logan County,2017,Hispanic or Latino (any races),0.015332536837913182
0500000US39091,County,Logan County,2018,Hispanic or Latino (any races),0.015971057972293302
0500000US39091,County,Logan County,2019,Hispanic or Latino (any races),0.020537747416360132
0500000US39091,County,Logan County,2020,Hispanic or Latino (any races),0.021663702996920674
0500000US39091,County,Logan County,2021,Hispanic or Latino (any races),0.02272530329289428
0500000US39091,County,Logan County,2022,Hispanic or Latino (any races),0.023001737619461338
0500000US39091,County,Logan County,2023,Hispanic or Latino (any races),0.02410685199261592
0500000US39091,County,Logan County,2024,Hispanic or Latino (any races),0.02593034609959857
0500000US39097,County,Madison County,2010,Hispanic or Latino (any races),0.014366625224478518
0500000US39097,County,Madison County,2011,Hispanic or Latino (any races),0.014797977455118986
0500000US39097,County,Madison County,2012,Hispanic or Latino (any races),0.01495661882719639
0500000US39097,County,Madison County,2013,Hispanic or Latino (any races),0.017500462363602736
0500000US39097,County,Madison County,2014,Hispanic or Latino (any races),0.018190086402910415
0500000US39097,County,Madison County,2015,Hispanic or Latino (any races),0.01839642946147398
0500000US39097,County,Madison County,2016,Hispanic or Latino (any races),0.019526477165318027
0500000US39097,County,Madison County,2017,Hispanic or Latino (any races),0.020390091051520176
0500000US39097,County,Madison County,2018,Hispanic or Latino (any races),0.0210637770618847
0500000US39097,County,Madison County,2019,Hispanic or Latino (any races),0.022534707473564196
0500000US39097,County,Madison County,2020,Hispanic or Latino (any races),0.02797665192211227
0500000US39097,County,Madison County,2021,Hispanic or Latino (any races),0.02913582469008032
0500000US39097,County,Madison County,2022,Hispanic or Latino (any races),0.03127507853163048
0500000US39097,County,Madison County,2023,Hispanic or Latino (any races),0.03353631234888511
0500000US39097,County,Madison County,2024,Hispanic or Latino (any races),0.034943225494717886
0500000US39101,County,Marion County,2010,Hispanic or Latino (any races),0.022706069999097175
0500000US39101,County,Marion County,2011,Hispanic or Latino (any races),0.02259793690595955
0500000US39101,County,Marion County,2012,Hispanic or Latino (any races),0.023356518852693995
0500000US39101,County,Marion County,2013,Hispanic or Latino (any races),0.02301255230125523
0500000US39101,County,Marion County,2014,Hispanic or Latino (any races),0.024593029441716954
0500000US39101,County,Marion County,2015,Hispanic or Latino (any races),0.025446653726826734
0500000US39101,County,Marion County,2016,Hispanic or Latino (any races),0.02582980738387279
0500000US39101,County,Marion County,2017,Hispanic or Latino (any races),0.026184768578277708
0500000US39101,County,Marion County,2018,Hispanic or Latino (any races),0.027893683036055453
0500000US39101,County,Marion County,2019,Hispanic or Latino (any races),0.028466962653434316
0500000US39101,County,Marion County,2020,Hispanic or Latino (any races),0.03024927358923383
0500000US39101,County,Marion County,2021,Hispanic or Latino (any races),0.030828103474667076
0500000US39101,County,Marion County,2022,Hispanic or Latino (any races),0.03227205153617443
0500000US39101,County,Marion County,2023,Hispanic or Latino (any races),0.03373542296538533
0500000US39101,County,Marion County,2024,Hispanic or Latino (any races),0.035397685299187395
0500000US39117,County,Morrow County,2010,Hispanic or Latino (any races),0.010951422822650186
0500000US39117,County,Morrow County,2011,Hispanic or Latino (any races),0.011921861534041941
0500000US39117,County,Morrow County,2012,Hispanic or Latino (any races),0.013176781305620945
0500000US39117,County,Morrow County,2013,Hispanic or Latino (any races),0.013947081444068185
0500000US39117,County,Morrow County,2014,Hispanic or Latino (any races),0.013824884792626729
0500000US39117,County,Morrow County,2015,Hispanic or Latino (any races),0.014537961823541196
0500000US39117,County,Morrow County,2016,Hispanic or Latino (any races),0.01397399919821316
0500000US39117,County,Morrow County,2017,Hispanic or Latino (any races),0.014264844891295007
0500000US39117,County,Morrow County,2018,Hispanic or Latino (any races),0.01549283741064563
0500000US39117,County,Morrow County,2019,Hispanic or Latino (any races),0.01573822463768116
0500000US39117,County,Morrow County,2020,Hispanic or Latino (any races),0.016922505216819598
0500000US39117,County,Morrow County,2021,Hispanic or Latino (any races),0.017835335548550168
0500000US39117,County,Morrow County,2022,Hispanic or Latino (any races),0.019310813489254466
0500000US39117,County,Morrow County,2023,Hispanic or Latino (any races),0.02043110474102802
0500000US39117,County,Morrow County,2024,Hispanic or Latino (any races),0.022016867536949928
0500000US39127,County,Perry County,2010,Hispanic or Latino (any races),0.005411105252934484
0500000US39127,County,Perry County,2011,Hispanic or Latino (any races),0.0062099801280635905
0500000US39127,County,Perry County,2012,Hispanic or Latino (any races),0.006558470431302801
0500000US39127,County,Perry County,2013,Hispanic or Latino (any races),0.006888888888888889
0500000US39127,County,Perry County,2014,Hispanic or Latino (any races),0.007765963369147692
0500000US39127,County,Perry County,2015,Hispanic or Latino (any races),0.00811855311813607
0500000US39127,County,Perry County,2016,Hispanic or Latino (any races),0.008444913606311461
0500000US39127,County,Perry County,2017,Hispanic or Latino (any races),0.009034804848215278
0500000US39127,County,Perry County,2018,Hispanic or Latino (any races),0.008574044784816449
0500000US39127,County,Perry County,2019,Hispanic or Latino (any races),0.008745226102839431
0500000US39127,County,Perry County,2020,Hispanic or Latino (any races),0.007051191651389085
0500000US39127,County,Perry County,2021,Hispanic or Latino (any races),0.008174079711370427
0500000US39127,County,Perry County,2022,Hispanic or Latino (any races),0.008736578079643773
0500000US39127,County,Perry County,2023,Hispanic or Latino (any races),0.009894032661551002
0500000US39127,County,Perry County,2024,Hispanic or Latino (any races),0.010397399248921024
0500000US39129,County,Pickaway County,2010,Hispanic or Latino (any races),0.010800143523501974
0500000US39129,County,Pickaway County,2011,Hispanic or Latino (any races),0.011474941016658326
0500000US39129,County,Pickaway County,2012,Hispanic or Latino (any races),0.011789391325995342
0500000US39129,County,Pickaway County,2013,Hispanic or Latino (any races),0.01311329961848993
0500000US39129,County,Pickaway County,2014,Hispanic or Latino (any races),0.013208944695259593
0500000US39129,County,Pickaway County,2015,Hispanic or Latino (any races),0.01365175735668287
0500000US39129,County,Pickaway County,2016,Hispanic or Latino (any races),0.013432965505256756
0500000US39129,County,Pickaway County,2017,Hispanic or Latino (any races),0.013751298926220991
0500000US39129,County,Pickaway County,2018,Hispanic or Latino (any races),0.01398143843518088
0500000US39129,County,Pickaway County,2019,Hispanic or Latino (any races),0.014506389311801838
0500000US39129,County,Pickaway County,2020,Hispanic or Latino (any races),0.016040501840992774
0500000US39129,County,Pickaway County,2021,Hispanic or Latino (any races),0.016791139994215817
0500000US39129,County,Pickaway County,2022,Hispanic or Latino (any races),0.019304182572890793
0500000US39129,County,Pickaway County,2023,Hispanic or Latino (any races),0.021059871610113978
0500000US39129,County,Pickaway County,2024,Hispanic or Latino (any races),0.02339200102963416
0500000US39141,County,Ross County,2010,Hispanic or Latino (any races),0.00974416758431714
0500000US39141,County,Ross County,2011,Hispanic or Latino (any races),0.010685606011781234
0500000US39141,County,Ross County,2012,Hispanic or Latino (any races),0.0110420087663723
0500000US39141,County,Ross County,2013,Hispanic or Latino (any races),0.011050295666576091
0500000US39141,County,Ross County,2014,Hispanic or Latino (any races),0.011570140735456255
0500000US39141,County,Ross County,2015,Hispanic or Latino (any races),0.011654920894495711
0500000US39141,County,Ross County,2016,Hispanic or Latino (any races),0.012283989173433272
0500000US39141,County,Ross County,2017,Hispanic or Latino (any races),0.012614011255579274
0500000US39141,County,Ross County,2018,Hispanic or Latino (any races),0.013253732896311326
0500000US39141,County,Ross County,2019,Hispanic or Latino (any races),0.0138262071844103
0500000US39141,County,Ross County,2020,Hispanic or Latino (any races),0.013663258421134583
0500000US39141,County,Ross County,2021,Hispanic or Latino (any races),0.013420275461934505
0500000US39141,County,Ross County,2022,Hispanic or Latino (any races),0.014383033250957779
0500000US39141,County,Ross County,2023,Hispanic or Latino (any races),0.014802200681163218
0500000US39141,County,Ross County,2024,Hispanic or Latino (any races),0.015096126028982458
0500000US39159,County,Union County,2010,Hispanic or Latino (any races),0.012789722476364746
0500000US39159,County,Union County,2011,Hispanic or Latino (any races),0.013014408136359356
0500000US39159,County,Union County,2012,Hispanic or Latino (any races),0.01388362754754148
0500000US39159,County,Union County,2013,Hispanic or Latino (any races),0.014391047234074406
0500000US39159,County,Union County,2014,Hispanic or Latino (any races),0.015249288676473323
0500000US39159,County,Union County,2015,Hispanic or Latino (any races),0.016216812532176217
0500000US39159,County,Union County,2016,Hispanic or Latino (any races),0.015832748601140676
0500000US39159,County,Union County,2017,Hispanic or Latino (any races),0.016532272263107856
0500000US39159,County,Union County,2018,Hispanic or Latino (any races),0.018050603994323493
0500000US39159,County,Union County,2019,Hispanic or Latino (any races),0.019919305621482336
0500000US39159,County,Union County,2020,Hispanic or Latino (any races),0.024631478839752734
0500000US39159,County,Union County,2021,Hispanic or Latino (any races),0.028271318662755878
0500000US39159,County,Union County,2022,Hispanic or Latino (any races),0.03264751146771856
0500000US39159,County,Union County,2023,Hispanic or Latino (any races),0.03808499964165413
0500000US39159,County,Union County,2024,Hispanic or Latino (any races),0.042735042735042736
M010000US001,Region,15-County Region,2010,Hispanic or Latino (any races),0.03263902131409399
M010000US001,Region,15-County Region,2011,Hispanic or Latino (any races),0.03330249726803944
M010000US001,Region,15-County Region,2012,Hispanic or Latino (any races),0.03405792250491628
M010000US001,Region,15-County Region,2013,Hispanic or Latino (any races),0.03493225648186587
M010000US001,Region,15-County Region,2014,Hispanic or Latino (any races),0.03583629724641216
M010000US001,Region,15-County Region,2015,Hispanic or Latino (any races),0.03681835733282428
M010000US001,Region,15-County Region,2016,Hispanic or Latino (any races),0.03791150147646374
M010000US001,Region,15-County Region,2017,Hispanic or Latino (any races),0.03911425980695406
M010000US001,Region,15-County Region,2018,Hispanic or Latino (any races),0.040219695347948906
M010000US001,Region,15-County Region,2019,Hispanic or Latino (any races),0.041283056500825435
M010000US001,Region,15-County Region,2020,Hispanic or Latino (any races),0.04838742303492661
M010000US001,Region,15-County Region,2021,Hispanic or Latino (any races),0.04960415314730694
M010000US001,Region,15-County Region,2022,Hispanic or Latino (any races),0.05155863789675691
M010000US001,Region,15-County Region,2023,Hispanic or Latino (any races),0.05466378544925936
M010000US001,Region,15-County Region,2024,Hispanic or Latino (any races),0.05784327579503368
